,Sequence
4341,FIHHIVHAIGRLF
2650,GWWRRTVAKVRN
1886,WLNALKKVFQGIHEAIKLIWNHVQ
4493,KIAGKIAAIAGKIAKIAGKIAK
501,FKCWRWQWRWKKLGAKVFKRLEKLFSKI
3848,FLPPSPWKETFRTS
809,LRRIIRKIIHIIKK
2949,FRGLAKLLKIGLKSFARVLKKVLPKAAKAGKALAKSMADENAIRQQNQ
2633,YRKKWFW
4220,ALHCIALRKK
4196,FFGKVLKLIRKIF
2369,GLARIVVIRVAR
1257,GFVALLKKLPLILKHLP
605,LKALRKALKHLA
2202,RFPGLMMKLLV
1210,FLFSLIRKAIGGLISAFK
4135,KKLLKWLKKLL
4229,KFLHLAKKFPKWKLFKKI
3824,RPAFRKAAFRVMRACV
3362,LPRRNRWSKIWKKVVTVFS
1861,FRIRVRVKWKLFKKI
100,ITKVIAKLLNRLTKILSK
12,QWGYGGYGRGYGGYGGYGRGYGGYGGYGRGYGGYGRGMYGGYGRPYGGYGWGK
2019,FFPIVKKLLRGLF
3151,VNGLLHKIYGNIRYS
4006,PKRKAEGDAKGDKAKVKDEPQRRSARLSAKPAPPKPEPKPKKAPAKKGEKVPKGKKGKADAGKEGNNPAENGDAKTDQAQKAEGAGDAK
1569,GLKLLLKLGLKLL
174,ELVNQIIEQLIKKEKVYLAW
3378,SSRASHFQSHSSERQRHGSSQVWKHGSYGPAEYDYGHTGYGPSGGSRKSISNSHLSWSTDSTANKQLSRH
3725,VEAIIRILQQLLFIH
4379,KWKSFLKTLKSPVKTVFYTALKPISS
1586,RLWLAIGRG
2576,PKAMRLLRRLLRLQKKG
3882,LRFARRALRRLF
217,GWKTLLKKAEVKTVGKLALKHYL
1146,KKLFKKILKYLAGPALYKLIKKFLKKKDEL
2985,GFLGPLLKLAAKGVAKVIPHLIPSRQQ
1818,MADVIAKIVEIVKGLIDQFTQK
1322,KRLFKKLKFSLRKY
690,WKKILSKIKKLLK
567,FLSLIPKIATGIAALAKHL
2486,FLKLLKKLL
2423,VNWKKILGKIIKVVK
1672,KRKLTLVFGVMAGVIGTKKR
1047,KKALLAHFFHLLALLALHFFHALKKA
1061,FKKFWKWFRRFGGGRWRRLLKKLHHLLH
4381,FFSMIPKIAGGIASLVKNL
2354,VDKPPYLPRPRFPRRIYNRG
990,IHHIHHIIHHIHHI
2399,KRIRKRIKKWLR
3209,RIGSILGRLAKGLPTLKSWIKNR
3012,RKRKLILILIKRKR
1164,GLFGRLRDSLQRGGQKILEKAERIWCKIKDIFRG
1929,FFRHIKSFWKGAKAIFRGARQGWREHRALSKQRKMDQGGGGNEVDNGTPPYWQK
3929,EWRKKRYSTQV
4388,FAKKLAKLAKKLAKLAL
618,WDRGNVTLLCDCPNGPWVWVPAFCQAVG
576,GNNKPVYRPQPRPPRPRL
2115,AATKPKKAGAEAAPKKPAKKQTKKKPAKKAGGKKKPKRAGAKKAKK
650,GWGSFFKKAAHVGKHVAKAALTHYL
3910,LKLKSIVSYAKKVL
156,RIKRFWPVVIRTVVAGYNLYRAIKKK
831,VDKPPYLPRVRPPRRIYNR
888,KGRGKQGGKVRAKAKTRSS
4154,AVKPKTAKPKTAKPKTA
4074,KKVVFKVKFK
2181,GLLRRLRKKIGEIFKKYG
2754,HLLKRVQRLLIGWLDWLK
1726,SLQPGAPNFPMPGSQLPTSITSNIEKQGPNTAATINAQHKTDRYDVGATWSKVIRGPGRSKPNWSIGGTYRW
817,KWKSFLKTFKSAKKTVLHTLLKAISS
2578,RFRWPIRRRPIRPPFYW
1161,SGYLPGKEYVYKYKGKVF
1915,KWKLFKKIRGGRLCYCRRRFCVCV
293,FFPLLFGALSSHLPKLF
1027,ALKYRLFKKLKKF
95,KKKKKAAFAKAWAAFAA
3614,KWKLFKKIPKFLH
1437,GLLGPLLKIAAKVGKKLL
4504,KFFRKLKKSVKKRAKEFFKKPRVIGVSIPF
240,GIGAVLVVLTTGLPALISWIKRKRQQ
1334,VDKPPYLPRPRPPKRIYNR
2715,KLLKQWPIGKLLKKLLKKLLK
1644,KIAGKIASIAGKIAKIAGKIAKIA
2629,GIGGALLSAGKSALKGLAKGLAEHL
3478,FLGWLFKVASK
1227,FLKLLKALL
2172,WKLFKKIPKFLHLAKKF
353,ATKKCGLFKILKGVGKI
759,RRRRWWWWRRRR
2732,GRPNPVPNPKPPHPRL
289,ATAWDFGPHGLLPIRPIRIRPLCGKDKS
1034,KKKFFFFFKKK
1842,FLKGIVGMLGKLW
2314,VDKKPYLPRPRPPRRIYNR
3543,LFNNYITAALKLLEKLYKV
465,RFWWFRRR
4245,KFFRKLKKSVKKRAKKFFKKPRVIGVSIPF
3179,ILKWKWPWWPWRR
3944,YTSLIHSLIEEFQNQQEKNEQELLELDKWASLWNWF
1736,ILPWKWPWLPYRR
1563,VDKKHRLPRPRPPRRIYNR
1497,RRAAVVLIVIRR
29,AKRYYGYKRKFY
3410,FFPIVGKLLFGLFGLL
3559,RRARIVVIRVAR
4155,GFWKKVGSAAWGGVKAAAKGAAVGGLNALAKHIQ
52,KWKLFKKIGKVLKVL
877,GVVVRWGRVVVRGVRR
1272,GFWGKLWKPVKKAI
177,GLFDIVKKIAGHIAGSI
4232,TRSSRAGLQWPVGRVHRLLRK
881,GKFMSLLKHILK
2281,FRCRRRFCRF
1815,RKRRIVVIRRKR
4403,FLGMIPGLIGGLISAFK
3523,GFKDLLKGAAKALVKTVLF
1295,WWRRWWRRWRRWWRRWWR
3916,GLRKRLRKFRNKIKELLKKIGQKIQGLLPKLAPRTDY
2521,RVVRQWPIGRVVRRVVRRVVR
73,RFGRFLRKIRRFRPKVTITIQGSARF
445,SMLSVLKKLGKVGLGFVACKINKQC
4032,KWFRVYRGIYRRR
3035,IGKKFKRIVQRIKDFLRNL
3599,KKLALAPKKLALLWKKLALALKKA
3927,KKVVFKFKFK
30,LRRLRRRWWWRRRLRRL
3663,IAGKIAKIAGKIAKIAGKIA
3470,KWIFKSKYYDSSKGYWVGIYEVWDRK
436,AARIILRWRFR
912,VDKPPYLPRPRPPRRKYNR
4169,RFRRLRWKTRWRLKKI
4035,RLTYKPRTVTYTRGR
1741,KRKILILIK
1103,SWSSFFKKAAHSGKHVGKSASTHYL
903,VDKHPYLPRPRPPRRIYNR
2562,MQFITDLIKKAVDVFKGLFGNK
3111,ELLSRVD
2623,GGLRSLGRKILRAWKKGGPIIVPIIRI
183,GLFAVIKKVAKVIKKL
1391,KFHHIFRGIVHVGKTIHRLVTG
2963,GGLRSLGRKILRAWKKYGPIIVPIIRIG
321,AARIILRARFR
1860,KRAKKFFKKLK
1588,VDKKPYLPRKRPPRRIYNR
2251,GLRKRRRKFRNKIKEKLKKIGQKIQGLLPKLAPRTDY
4133,KIAGKIAKIAGKIAKIAGKIA
1434,GKPRPYSPRPTSHPRPIRV
44,GLRKRLRKFRNKSKEKLKKIGQKIQGLLPKLAPRTDY
4398,PLGDARLV
1261,RDNIQGITKPAIRRLARRGGVKRISGLIY
2894,KWKKWWKWI
1896,NGVQPKYKWWKWWKKWWW
801,IKQLLHFFQRFGGGRWRRLLKKLHHLLH
1967,KKKKFVKKVAKKVKKVAKKVAKVAVAV
1074,WGRAFSRGVRRLARGGRG
1787,RIKRFWPVVIRTVVAGYNLYRAI
256,RLWRRWRRWRR
2855,FLPKTLRKFFARIRGGRAAVLNALGKEEQIGRASNSGRKAARKKK
1760,GRPMGHQAIETGLNIFRGLFKGKKKNKKTK
647,RKGWFKAMKSIAKFIAKEKLKEHL
3540,LNWGAILKKIIK
1188,GKQYFPKVGGRLSGKAPLAAKTHRRLKP
4418,GFVDFLKKVAGTIANVVT
3063,FLKWLFKWLKK
2387,WRPGRWWRPGRWWRPGRWWRPGRW
2002,VAVLVLGA
1186,KWKSFLKKLTSAAKKVLTTALKPISS
1833,KLIWILSKTIPAIKNLFYKI
2916,KKLIKVFAKGFKKAKKLFKGIG
263,GFMKYIGPLIPHAVKAIKKLI
2977,GKYGFYTHVFRLKKWMQKVIDRFGG
56,ILPWKWPWWPWRR
2462,KRAKHRCRVYNNGLPTGLYRWC
1378,WKWPWWPWRR
1237,GLNALKKVFQPIHEAIKLINNHVQ
1207,KKSCHTGLDRSAGWVIPIGTLVKKAILPWDRK
4239,PMKKLKLALRLAAKIAPVW
1740,ALWMTLKKKVLKAKAKALNAVLVGANA
682,RIIDLLWRVWRPWWPKFVTVWVR
2331,RKWWRWWKK
1835,IKLSKETKDNLKKVLKGAIKGAIAVAKMV
2329,AKAGGIPPHVIPQIVPVRIRPLCGNV
286,GLGSFLKNAIKIAGKVGSTIGKVADAIGNKE
3002,ILPWKWAWWPWRR
2496,FFPLVKKLLKGLF
2450,PRPRCRRRFCRPRP
1196,AARIILRRRFR
1117,GMWPKILGHLIR
1444,VGHNADLQIKLSIRRLLAAGVLKQTKGVGA
736,KWKSFLKTFKSAKKKVLHKALKAISK
1204,GNDYLHKLTQRKSVK
3676,VRKPPYLPRPRPPRRIYNR
1878,MFKTILVLVVALNLLGAFTYASPRPDDKKNQGSASVDVQNERGEGTKVDARVRQELWRSDDGRTRAQAYGHWDRTYGGRNHGERSYGGGMRIEHTWGN
2269,VRLEFKLQQTSCRKRDWKKP
3841,FKKFFKKLKNSVKKR
1071,AKKVFKRLPKLFSKIWNWK
1744,GLLNGLALRLGKRALKKIIKRLCR
1163,KLKLLLKLK
1745,ALWKNMLKGIGKLAGQAALGAVKTLVGAES
1351,GGKCKNGDCVCR
2517,GGGKALHSFKKFIKAFVGEIMNS
3189,KWKSFLKTFKSAKKKVLHTALKAISS
2742,VNWKKVLAKIIKVVK
498,LLIILRRRIRKQAHAHSK
3731,GLPALISWIKRKRQQG
3771,LDKPPYLPRPRPPRRIYNR
2096,LCAAHCLAIRRR
1812,GIHAILKYGKPS
2216,RGFRRR
3484,YTSLIHSLIEESQNQQEKNEQELLELDKWASLWNWF
1022,DVYKGGGGGRYGGGRYGGGGGYGGGLGGGGLGGGGLGGGKGLGGGGLGGGGLGGGGLGGGGLGGGKGLGGGGLGGGGLGGGGLGGGGLGGGKGLGGGGLGGGGLGGGRGGGYGGGGGYGGGYGGGYGGGKYK
2279,IKRFWPVVIRTVVAGYNLYRAIKKK
4405,HHLFGKVGREIERSAHKVGHKLEHVRHEVSKTAKKVDKVVGHIKTAKKVVAAAGAIAGVVAAA
1361,TRKKWFW
3609,FLSLIPKAIKAVGVKAKKF
665,GWLRDFGKRIERVGQHTRDATIQAIGVAQQAANVAATVRG
3194,LRFLKKILKHLF
4359,TTLTLHNLCPYPVWWLVTPNNGGFPIIDNTPVVLG
1017,RRWWCT
2863,LRFLKKILKKLF
1877,LLIKFLKRFIKH
3439,AARIILRWFRR
1937,RVIRVVQRACRAIRHIVRRIRQGLRRIL
1832,RRRWWWFRRRWWWF
245,SLGGVISGAKKVAKVAIPIGKAVLPVVAKLVG
266,ACDTATCVTHRLAGLLSRSGGVVKNNFVPTNVGSKAF
1114,KKKLLLLLLLLLKKK
63,AKKVFKRLEKLFSKIQNWK
3265,KWKLFKKIEKVGQRVRDAVISAGPAVATVAQATALAK
1564,KLILILSKTIPAIKNLFYKI
2260,RKGLQKLVGRVHRLLRK
2453,GWFKKAWRKVKNAGRRVLKGVGIHYGVGLI
3946,SGKRWWRRKK
4250,GFKRIVQQIQDFLRNLV
1705,DAEDLARYYSALRHYINLITRQRY
1421,CFAWKRNMRKVR
1157,LLGDFFRKSKEKIGKEFKRIVQRIKDFLRNLVPRTESDYKDDDDKTKKTLRT
103,YGRKKRRQRRRD
3799,RKKKIKIIKRLI
3668,RWRRPWRRRPIRPPFYR
508,LKKLYKRVAKIWKRWIRYLKKPVR
3274,GILGKLWKGVKSIF
4442,VAEARQGSFSY
1957,KWKKLPKKLLKLL
865,ILPWKWPYLPWRR
3901,LKKLYKRLFKILKRILRYLRKPVR
908,FKKLKKLFKKILKLK
1485,GGGGRFKRFRKKFKKLFKKLSPVIPLLHLG
835,KKIMRTFLRRISKDILTGKK
358,GRPRPFPGRPKPIFRPR
3980,GILSSLLKKWKKIIAK
299,FRKLFRVYSNFLRGKLKL
1003,KVKVKVKVPPTKVKVKVK
2422,KALKKFLKAWAKLFKAL
4177,LNALKKVFQKIHEAIKKI
1315,KKLLPIVANLLKSLL
761,VAIALKAAHYHTAKE
1293,KLLKVIKKLL
1432,RFRPPIRRPPIRPPFYP
3539,WKKIPKFLHLAKKF
4189,FLALIGRVLSGIL
1626,GKSNFLKSYVSKHPK
3232,KLPKWIIKTVNKFTKK
3801,KLWKIVVIKVWK
1697,TPFLLVGTQIDLR
2710,VNWKKILKKIIKVAK
2344,MADVIAKIFEIVKGLIDQFTQK
2917,GLVSSIGRALGGLLADVVKSKGQPA
108,TRWRWWWRWRA
1773,LKIPGFVKDTLKKVAKGIFSAVAGAMTPS
2798,GILKTIKSIASKVANTVQKLKRKAKNAV
58,KWWVFRVVYPRIVYRRVRWK
76,ILPWKWPWWAWRR
3750,IKLSKETKKNLKKVLKGAIKGAIAVAKMV
368,VKRTKRGARRGLTKVLKKIFGSIVKKAVSKGV
1479,AIHKLAHKLLKKLLRAVKKLAN
785,AHCLAIGRK
1455,FKVKFKVKVK
3619,GLKKIFKAGLGSLVKGIKAHVAS
1451,KWGKKWGKKWGK
4460,KVPIGAIKKGGKIIKKGLGVLGAAGTAHEVYNHVRNRQ
2880,GIINTLQKYYWRVRGGRWAVLSWLPKEEQIGKWSTRGRKWWRRKK
1189,RRWWRRF
3553,LKWKSIVSWAKKVL
2355,FLGALFKALSKLL
1846,KWKLFKKIEKVGQNIRDGIIKAGPAVAWVGQATQIAK
2968,PKTLRKFFARIRGGRAAVLNALGKEEQIGRASNSGRKCARKKK
910,GNNRPVYIPRPRPPHPRLV
124,WRPGRWWRPGRWWRPGRW
1338,VRRFAWWWAFLRR
2803,RWRWWWRWRF
2837,FDVMGIIKKIASAL
1178,VWRKWRRFW
2827,RIWVIWRR
1807,AGKKTIRQYLKNKIKKKWRKAVIAW
442,ILPWKWPWLPWRR
1752,GFLGPLLKLGLKGVAKVLPHLIPSRQQ
2857,GIGTKILGGVKTALKGALKELASTYVN
3501,ALWRRLLRRLLRSARRLG
1212,FFPIVGKLLSGLSGLL
1539,ILPLKWPWWPWRR
324,IFGAIWNGIKSLF
2509,GLLKKLLKIAAKVGKKLL
1323,FKFFKKFFKKW
1309,GLRKRLRKFRNKIKEKLKKQGQKIQGLLPKLAPRTDY
2688,GWKKWFNRAKKVGKTVGGLAVDHYL
2473,QDGMYQRFLRQHVHPEETGGSDRYSNLMMQRRKMTLYHSKRFNTFIH
1006,SILGKLWKGVKSIF
3106,KIAGKIAAIAGKIAKIAGAIAKIAGK
3148,AAGRWWRWWRRWWRR
1747,KLLKLLLKLLLKLWK
3231,YQLLIRMIY
1972,HSDGIFTDSYSRYRKQMAVKKYLAAVLGRRYRQRFRNK
6,GVIAAAKKVVNVLKNLF
932,TWAGVEAIIRILQQL
439,FLPIPRPILLGLL
1611,LFGLIPSLIGGLVSAFK
1258,LCDCPNGPWVWVPAFCQAVG
1718,INWLKIKKKVAGML
4178,KFRRFVRFI
1532,GLLSALSLLGKLL
3160,FIGALLRPALKLLA
1964,FRIRVRVAKKFGKAFVGEIM
1426,YSLQMGATAIKQVKKLFKKWGW
3967,INWKALLDAAKKVL
3548,KFWKLLKKALRLWAKVL
2029,GFARIVQRIKDFLRNLV
3095,GIIAGIIIKIKK
194,AWLLAIRKR
4004,AMVSS
1962,GIWKKWIKKWLKKLLKKLWKKG
2211,GIGKFLHSAKKFGKAFAGEIMNS
2460,FWQRRIRRWRRFWQRRIRRWRR
1898,ITKVITKLLNRLTKILSK
4439,GWGDTFLKTMAKIAKVGPKLLHS
1130,FLGVVFKLASKVFGAVFKKV
2063,KKKKKKKKKKKKKKKKKKKKGIGKFLHSAKKFGKAFVGEIMNS
2067,AIHKLAHKLLKKTLRAVKKLAN
222,WGIHRILKYGKPS
3924,LKLSPETKDTLKKVLKGAIKGAIAIASLA
1370,KPAEDLARYYSALRHYINLITRQRY
573,KKIMRTFLRRISKKILTGKK
1236,ISRLAGLVRKGGEKFGEKLRKIGQKIKEFFQKLALEIEQ
1513,NVWKKILGKIIKVVK
2638,ALWMTLKKKVLKAAAKALNAVLVGANA
418,KKTWWKTWWTKWSQPKK
3922,FKKFFKKLKNSVKKRAKKFFKKPRVIGVSIPF
1104,FSVTWRWWKWWKG
257,LLCIALRKK
295,LRKFFARIRGGR
4328,ANLDAIIKIQAWARMWAARRQYL
2743,LLKWLLK
3715,MNAIKLLCRV
1480,RLALRLALRALRAALRLA
1270,AKIPIKAIKTVGKAVGKGLRAINIASTANDVFNFLKPKKRKH
4440,INLKAIAPLAKKLL
712,FFPIVGKLLSGLF
3300,AKRLLGYKRKFL
3224,FRFRCRRRFCRFRF
3853,RLKELITTGGQKIGEKIRRIGQRIKDFFKNLQPREEKS
3383,PPHKKKLAVYPVFLFYLFLSWFSLIV
449,VKKFPWWWPFLKK
3034,GIINTLQKYYSRVRGGRSAVLSSLPKEEQIGKSSTRGRKSSRRKK
3951,RRWPWWPWKWPLI
958,LRKFRNKIKEKLKKIGQKI
3214,KDKPPYLPRPRPPRRIYNR
654,GFKKLLKGAAKALVKTVLF
2447,RFRWPIRRPPIRPPFYR
3258,AWWRRTVAKVRK
2247,LRKLKKILKKLF
2077,FLPIVGRLISGIL
411,STIGKLVKWIIKTVNKFTKK
1595,GKLSSLWKKLKKIIAK
3395,RRIRPRPPRLPRPRPR
2817,GVVVRIGRVVVRGVRR
1720,RGLRRLGRKIAHGVKKYGPTVLRIIRIAG
2741,SLLSLIRKFFT
3166,LRRLWKRLVKLWKRFFRYLKKPVR
4329,LWKTLLKKVLKAAA
430,KWYKKWYK
4323,LGDARLVITTYWGLHT
1366,FLGALAKIISGIF
4258,GLLSRLRDFLSDRGRRLGEKIERIGQKIKDLSERFQS
1176,FIHHIIGGLFSVGKHIHGLIHGH
2716,KWWVFRVVYRGIVYRRVRWK
2567,KRLFRKILRYL
1739,VDKPPYLPRPRPPKRIYNRG
102,GLFGKLIKKKGRKAISYAVKKARGKH
4093,ALWKNMLKGIGKLAGKAALGAVKKLVGAES
1263,RFRRPIRRPPIRPPFYP
1859,ALWKTMLKKLGTMALHAGKAAFGAAADTISQ
1583,GWKDWAKKAGGWLKKKGPGMAKAALKAAMQ
1552,WVLVLRLGY
2493,LLKWLKKL
3134,KWKKWWKWF
2689,FLGALFKALSHLL
1839,RGLRRLGRKIAHGVKKGGPTVLRIIRIAG
3508,RWRWWWRWRV
2318,FVQWFSKFLLRIL
3351,KVNVNAIKKGGKAIGKGFKVISAASTAHDVYEHIKNRRH
2758,RVVRVVRRWVRR
3107,FDIMGLIKKVAGAL
4081,GILKTIKSIASKLKRKAK
1064,KKLFKKILKYLAGPAKFLHSAKKDEL
3384,FKAWRWAWRMKKLAAPS
818,GNNRPVYIPQPRPPHPRI
2091,LAHRYH
2543,FFGSVLKLIPKIL
816,SSFSPPRGPPGWGPPCVQQPCPKCPYDDYKCPTCDKFPECEECPHISIGCECGYFSCECPKPVCEPCESPIAELIKKGGYKG
3615,KWKSFLKTFKSLKKTKLHTLLKLISS
381,VDKKPYLPRPRPPRRIYNRG
1749,KWKLFKKILKFLHLAKKF
2856,GLGALWNVAKSVF
1779,RRFHFHFPGFHFHFRR
2236,LRRLRRRWRRRLRRL
4428,RPRGMTSSQWFRIQHMQPSPQASNSAMRNINRHTRRSRDLNTFLH
864,SNDIYFNFQR
3646,AQWFAIQHISLNPPRSTIAMRAINNYRWRSKNQNTFLR
2575,KVLSKVHTLLKAVLAL
554,DAHGLLKRIKTLL
1159,FIRKFLKKWLL
1213,GLPWILLRWLFFRG
4324,GFSSLFKAGAKYLAKQVGKAGAQQL
1782,WKKWWKKWWKWWKKWWKK
1844,RWKRWWRLL
1534,AGYLLGKINLKALAALAKKIL
3978,GLFDIVKKVVGAL
748,RRRFVVQQNTISPRLQVNQRFLPNSVQQQI
3932,CKGAFKQTCKCY
4263,GVWSTVLGGLKKFAKGGLEAIVNPK
866,VYKPPYLPRPRPPRRIYNR
752,AARIILRFRFR
3714,TKVIPYVRYLWWWWW
2307,FFLLSLIPSAISAIKKI
4059,FFHHIARGIVHVGKTIHRLVTG
2668,PHVALKPGKLKFIIPSPKRPVKLLSG
729,TRQARRNRRRRWRERQR
2228,KLLKFIKKLL
2015,RWRRWWRWI
2658,FLGFLHHLF
1634,GLGSFFKNAIKIAGKVGSTIGKVADAIGNKE
3708,ILGPVIKTIGGVIGGLLKNL
1110,WLRAFRRLVRRLARGLRR
3417,AWKETIRQYLKNKIKKKWRKAVIAW
346,KKLALALKKLALLWKKLALALKKA
2810,GGLRSLGRKILRAWKKYGPIIVPIIRI
3252,KKWRKLLKKLKKLL
4212,VKRFKKFFRKLKKSVKKL
578,GGHKLAKLAKKLAKLAK
4072,RRRPRPPYLPRPRPP
2927,VRRFPYYYPFLRR
3899,APKVNVNALKKGGRVIKKGLGVIGAAGTAHEVYNHVRNRNQG
2722,RIRFPWPWRWPWWPRFRG
2107,HLLKRVQRELIGWLDWLK
178,QRFSQPTFKLPQGRLTLSRKFR
3961,CKYLLKWR
1468,KRRKAIKILKLIAKAIRKKR
2788,RWKIFKKIEKVG
3497,FLKALWNVAKSVF
604,KTCENLADDY
1407,PMNAIKLLCRVHKKIAISV
25,GLPALSSWIKRKRQQ
658,INLKAIAALARNY
3921,KAACAAKCLWR
3674,GAGALAKFLAKKVAKTVAKQAAKQGAKYVVNKQME
173,FLRFAGSVIHGAGHLVHHIGVAL
3800,NKKAGLFVVQFPKKY
331,WWRRWWRR
342,VDKGSYKPRPTPPRPIYNRN
2605,LKLSPKTKDTLKKVLKGAIKGAIAIASMA
2090,RWWRWWRRWW
1088,KWKLFKKIWWPFLRR
479,VDKRPYRPRKRPPRRIYNR
727,VKRFKKFFRKFKKSV
3077,SLKDKVKSMGEKLKQYIQTWKAKF
976,GLRKRDRKFRNKIKEKLKKIGQKIQGLLPKLAPRTDY
3326,SAVWRHWRRFWLRKHRKH
2425,MGALVKGGLKLIGGTAASWLGWEAGERVWK
3889,ALASLLKTLSKAAKKALKTLLKALSA
1551,RDKPPYLPRPRPPRRIYNR
1299,WRRWRRRWRRRWRRW
4469,ILPWKWPWWPWAR
4148,FLSTIWNGIKGLL
2534,GRFRRLRKKTRKRLKKIGKVLKWI
2962,GFGSLLGKALRLGANVL
2189,ILSYLWNGIKSIF
4273,RFIYMKGFGKPRFGKR
4382,VDKPPYLPRPRPPRRIYNN
2380,FLGAIAQALTSLLGKL
3933,APPGARPPPGPPPPGPPPPGP
4346,ACPIFTKIQGTCYRG
2970,ALWHHLLHHLLHSAHHLG
3350,GICKFLHSAKKFGKAFVGEIMNS
2598,GFFDRIKALTKNVTLELLNTITCKLPVTPP
1278,KRRLFLFRLFRLFLRLFLKK
4185,APKGVQGPNG
3188,VDKPPYLPRPRGPRRIYNRG
2312,GMASLWAKVLPHVVKLIK
67,KSRQWQWKIRRTWPIFSIRR
1505,GFFALIPKIISSPLFKTLLSA
221,GNNRPVYIPRPRPPHPRL
3496,GFWGKLLEGVKKAI
1814,LRWTPTPSYPRYPTRSRGSRWSR
3442,GLVGTLLGHIGKAILG
1717,GIGSAILSAGKSALKGLAKGLAEHFAN
88,PGKYGFYTHVFRLKKWIQKVI
4292,VLSAADKNNVKGIFTKIAGHAEEYGAETLERMFTTYPPTKTY
2342,IAKIAGKIAKIAGKIAKIAGKIAK
4330,ILPWKWKWWKWRR
3526,VDKPPYLPRPRPPRRIYKRG
4315,RWRWWKFV
2249,AARIILRLRFR
2123,RNCMEVCVKGEKKHTGQGMIRRLRRNKNNSIFVVRKRV
3845,RRIRPRPPRLPRPRPRPLPFPRPGPRPIPRPLPFP
4130,ISRLAGLLRKGGEKIGEKLKKIGQKIKNFFQKLVPQPEQ
3359,KKLAKLALLKWLLALKKLALLALKK
1143,GLLKSLCRKFVKVHLPELIEELTTTD
397,FRFKIKFRLKFRFKARFKFRAKFRA
1614,GIGAVLDVLTTGLPALISWIKRKRQQ
1503,GILDAIKAIAKAAG
2952,KRIVKLILKWLR
3270,LKQFVKFIHRF
1398,LRRLRRRLRRLRRRWRRRLRRLRRRLRRL
3860,RGWRRWGRKWAHGWKKYG
1096,AKKVFKRLEKLFSKIFNFK
3279,VDKPCYLPRPRPPRRIYNR
1350,VFIDILDKMENAIHKAAQAGIG
2757,TRSSRAGLQWAVGRVHRLLRK
979,GKWMSLLKKILK
283,GLRKRLRKFRNKIKEKLKKIGQKNQGLLPKLAPRTDY
1298,NVTLLCDCPNGPWVWVPAFC
898,CAIEHMRTPLKPFSFGPPYNL
4153,FMPIIGRLMSGSL
3823,GEKLKKIGQKIKKFFQKL
1995,DEDDD
613,MADVIAKFVEIVKGLIDQFTQK
3075,RRGFWKRLRRRLRRFGDRIRNRFRNFREKLPDPFPG
3870,EPAEDLARYYSALRHYINLITRQRY
2092,WWWRRRRRRRR
423,RKKRLKVVKRLV
3903,YSLQMGATAIKQVKKLFKKKGG
1729,GLLKKIKTLL
3113,CKYLLRWR
839,GLRKRLRKFRNKIKEKLKKIGQKDQGLLPKLAPRTDY
500,APKEWMAWAREIAAYAKLIAALIKQGI
1938,YSSKDCLKDIGKGIGAGTVAGAAGGGLAAGLGAIPGAFVGAHFGVIGGSAACIGGLLGN
4355,VFIDILDKVENAIHNAAQVGIGFAKPFEKLINPK
549,SAVWRWRRFWLRKRK
557,RKKWFA
2024,KALWKTLLKKVLKA
1714,MASRAAGLAARLARLALRAL
2843,GVIDAAKKVVNVLKNLF
218,KLKSLLKTLSKAKKKKLKTLLKALSK
2474,ALHKTMLKKLGTMAL
4283,IARRALKKAKRAAHKIPAAKKFGRR
1138,NILNTIINLAKKIL
209,KKALAKALKHWLPALHKLAKALAKK
2584,SWLRDIWDWICELLSDFK
3064,VPKPPYLPRPRPPRRFYNH
2103,GIWKKWIKKWLNVLKNLF
550,DSHAKRHHGTKRKFHEKHHSHRGT
1424,GKPRPYTPRPTSHPRPIRV
3280,ALKSLLATLSKAKKKKLKTLLAALSK
1786,FLRFIGSVIHGIGHLVHHIGVAL
948,LKKAKKFGKAFVKILKK
1973,IWLRLKVVLKRK
2566,LLGDFFRKVKEKIGKEFKRIVQR
532,GILDTLKQFAKGVGKDLVKGAAQGVLSTV
3960,IDWKKIFEKVKNLV
2644,DSHAKRHHGYKIKFHENHHSHRGY
4112,KLKKIWWIKVKK
1873,LSFPTTKTYFPHFDLSHGSAQVKGHGAKVAAA
3502,GFFALIPKIISSPLFKTLLSAVGSALS
639,INLKALAALAKKIL
4357,WNPFKELERAGQRVRDAIISAGPAVATVAQATALAK
4033,GILDTLKQFAKGVGKDLVKGAAQG
0,KWKSFLKTFKKAVKTVLHTALKAISS
1808,FLFSLIPSAIGGLISAFK
4420,RRLRRLLRRLLRRLRR
2865,ILGKIWKGIKNIL
1813,TVVRRRGRSPRRRTPSPRRRRSQSPRRRR
2620,KWKSFLKTFKSAKKTKLHTALKAISS
247,GLFDIIKNIFSGL
3728,RKKRRQRRRRKKRRQRRR
3476,ILGKLLSTAAKLLSNL
1657,GLLSGILGAGKHIVCGLSGLR
3481,IKLSPETKKNLKKVLKGAIKGAIAVAKMV
3729,KESRAKKFQRQHMDSDSSPSSSSTYSNQMMRRRNMTQGRSKPVNTFVH
3535,GVVVRWGRVWVRGVRR
3017,RKKKFKFFKRFF
1769,RRRRWWWW
2515,IARRALKASLRARHTIPQCKKFGRR
2495,RPPQFTRAQWFAIQHISLNPPRSTIAMRAINNYRWRSKNQNTFL
1803,GLLSSLSSVAKHVLPHVVPVIAEHL
1876,VDKPPYLPIPRPPRRIYNR
1837,FIFHIIKGLFHAGKMIHGLVT
3119,KKRRWQWRRKK
278,GRRRRSVQWCA
952,YTSLIHSLIEEDQNQQEKNEQELLELDKWASLWNWF
3406,RFRPPIRRRPIRPPFYP
2351,GIGAVVKVLTTGVPAVISWIKRKRQQ
2886,FAKLLAKLAKKLL
1522,KKLFKKILKYLAGPATTGLPALISWKDEL
2696,ILGKLLSTAAGLLSKL
3137,RKKRLKLLKRLL
2114,VDKPPYLPMPRPPRRIYNR
4249,RRRRWWW
2691,GATYAKKIIKTITKIATTAW
2059,AKRLKKLAKKIWNWK
2297,LKKVWKRVARLIKRWFRYLRRPVR
155,RWSVYAYVRVRGVLVRYRRSW
4467,KLFKRIVKRILKFLRKLV
985,GLFGVLAKVASHVVPAIAEHFQA
1598,KWKLFKKKGTGAVLTVLTTGLPALIS
1650,KNWGKILKHIIK
3133,ALLSPYKYSTTKVVK
981,LKIPGFVRDTLKKVAKEIFSAVTGAVTQS
4314,GKWMSFLKHILK
3691,IWRIFRRIFRIFIRF
2168,INLKAIAALVKKLL
3597,ENFFKRIRRAGKRIRDAIISAAPAVETLAQAQKIIKGGD
2684,AKKVFKRLPKLPSKIWNWK
3578,VDKKHYLPRRRPPRRIYNR
2875,IKSIASKVANTVQKLKRKAKNAVA
1910,PPPVIKFNRPFLMWIVERDTRSILFMGKIVNPKAP
2182,GKFLKKAKKFGKAFVKI
3126,WKWKPGKWKW
1457,GRKKRRQRRRGGWMWVTNLRTD
1509,GWWRATVAKVRK
1395,ILPWKWPLLPWRR
4071,RFRPPIRRPPIRPPFYPPFRPPIRP
3013,LFGFLIKLIPSLFGALSNIGRNRNQ
1499,RRWQWRMKKLG
700,FKRIVQRIKDFLRGIGKFLHSAKKF
3229,YSLKKTSMKIIPFTRL
644,GNNRPVYIPQPRPPHPRF
3831,FFHHIFRGIKHVGKTIHRLVTG
1405,GMAKLLAKVLPHVVKLIK
929,GKPRPYSPRPTSHPKPIRV
1971,KRKFHEKHHSHRGY
2290,KLKKLLKKWLKLLKKLLK
3000,KWKLFKKIKFLHSAKKF
246,GIHKILKYGKPS
4385,RRIIRKIIHIIK
3687,IGKLFKRIVQRILKFLRNL
923,KKLAKALKLLAPLWLKLAKALKKA
3677,WWWLSRIW
1185,FLPIVKKVLRGLF
268,SMWSGMWRRKLKKLRNALKKKLKGE
669,GLLSLASLLGKLL
2242,WKWWKKWWKK
3789,KRLFKKLLFSLRKY
3466,FLGWLFKWAWK
3192,RAKIAKKIEKVGRNVRDGIIKA
3027,GLLSKFGRLARKLARVIPKV
2440,LKLASIVSWAKKVL
3786,FLGALWHALSKLL
648,GWWRRTVAAVRK
543,RIIRKIIHII
4125,KRKRKILILIKRK
3437,RRWYRWAWRMR
3011,GTKRGKLCRISRLAL
259,LKVVFKVLFK
2127,LCAARCLAIGRR
4138,IGKKFKRIVKRIKKWLRKL
927,FFHHVFRGIVHVGKTIHRLVTG
612,RRRGRSPRRRTPSPRRRRSQSPRRRRSQ
1543,LRIIKKILKKLI
1023,KLVKRFKKFFRKLKKS
3381,ILPWKWPKLPWRR
1152,VDKPPYLPRKRPPRRIYNR
219,GGLKKLGKKLEGAGKRVFNAAEKALPVVAGAKAL
3888,WWWLRRIW
485,VDKPPYLPRPRQPRRIYNRG
2877,WWWLKKIW
2585,LFGMALKLLKKVL
258,IARRALKKAKRAAHTIPQCKKFGRR
3593,KILKRLAAKIKKIL
386,GMATKAGTAFGKAAKAIIGAAL
847,GLLSRLRDFLSDRGRRLGEIIERIGQIIKDLSEFFQS
3981,GHLGRPYIGGGGGFNRGGGFHRGGGFHRGGGFQSGGGFHRGGGFHSGGSFGYR
4449,ILPWKWPWLPLRR
4459,FLPLIGRVLAGIL
1477,IAKIAGKIAKIAGKIAK
3563,GWLKKIGKKIERVGQNTRDATIQAIGVAQQAANVAATLKG
3360,RRLCRIVWVIRVCRR
553,DAEFRHDSGYEVRHQKLVFFAEDVGSNKGAIIGLMVGGVVIA
1233,WIQAKTKVIPYVRYL
4134,GAKLAKKQVRALGKFFSF
2031,VDKGSYRPRPTPPRPIYNRN
3530,KWKSFLKTFKAAVKTVLHTALKAISS
4498,GLGSVLGKALKIGANLL
3331,NAGSLLSGWG
1095,KRKRAVKRVGRRLKKLARKIARLGVAKLAGLRAVKLF
3753,KRFKKFFKKLK
2124,FFQELKEGWKNIKKA
1320,RHRHRHRHRHRH
2370,GIGKFLKKAKKFGKAFVKILKK
507,AGFAKLLAKLAKKLL
7,KKALLAHALAHLALLALHLALHLKKA
3796,IKKIVSKIKKVLK
2536,FLGALWKALSHLL
3583,VDKPPYLPRPRPPRRIYNKG
2596,TIVRRRGGSRATRSPRRRTPSPRRRRSQSPRRRRSQSPASSNC
3873,GLLSVLGSVVKHVIPHVVPVIAEHL
1450,RFRRPIRRRPIRPPWYR
2809,YKAWRWAWRWK
378,RTHGLLKRIKTLL
3464,HKWMSLLKHILK
4054,VNWKKILPKIIKVAK
678,INMKASAAVAKKLL
773,DDALKKLLKKLLKKL
1892,KKLFRRILKYL
1011,GIMSSLMKKLAKIIKK
2301,RLRKAVRLIK
2099,KKWRKLLKWLAKK
4479,GLWSKIKTAGKSVAKAAAKAAVKAVTNAV
3415,HGKKVLDSFSNGMKHLDDLKGTFAALSELH
65,GLFDVIKKVASKIGGL
3765,RKRAARLLKRLV
3811,FKIKASKVLDKFGKIVGKVLKQLKKVSAVAKV
4190,GLLDIVKKVVGAFGSL
2276,IKQLLHFFQRF
679,GFKDLLKGAAKALVKAVLF
2420,EYHLMNGANGYLTRVNGKYVYRVTKDPVSAVFGVISNGWGSAGAGFGPQH
1897,IRCRRRFCRI
781,GLLGPLLKIAAKVGSKLL
4109,GLLKRIKTLL
627,DSHEERRQGRHGHHEYGRKFHEKH
2093,GLWSKIKEVGKEAAKAAAKAAGKAALGAVSEAV
2499,AIGSILGRLAKGLPTLISWIKNR
2110,WKLFKKILKKL
2954,KGVSGHGQHGVHG
3089,RFRPPIRRPPIRPPFYPPF
883,KAKAKAVSRSARAGLQFPVGRIHRHLK
1091,WKKWWKWWKKWWKK
382,VRRVWRRVVRVVRRWVRRVRRWVRRVVRVVRRWVRR
1891,FFSMIPKIATGIASLVKNL
3533,PDKPPYLPRPRPPRRIYNR
276,AWASFFKKAAHVAKHVAKAALTHYL
3022,GKLLSLLSLLGLL
31,FKIKPGKVLDKFGKIVGKVLKQLKKVSAVAKV
3041,MAADIISTIGDLVKLIINTVKKFQK
3511,GLLSVLGSVAKHVLPHVVPVIAEHL
3572,GLLKRIKALL
610,GVVTDLLKTAGKLLGNLFGSLSG
570,RWRWPIRRRPIRPPFWR
2468,LRKLRKRLVRLASHLRKLRKRLL
343,MAQKIISTIGKLPKWIIKTVNKFTKK
2749,LLGSLLSLGLKLL
2662,MQIFVKTLTGKTITLEVEPSDTIENVKAKIQDKEGIPPDQQRLIFAGKQLEDGRTLSDYNIQKESTLHLVLRLR
4296,SLSRFLRFLKIVYRRAF
3778,LSFPTTKTYFPHFDLSHGSAQVKGHGAKVAAAL
4049,TISQAEWFKARRWQWRMKKLGA
3091,FFHHIFRGIVHIGKTIHRLVTG
4120,GLFDVIRKVASVIGGL
3347,GWGSFFKKAAAVGKAVGKAALTAYL
3297,IARRALKKAKRAAHKIPQCKKFGRR
1135,KFWKLLKKALRLWKKVL
2615,AFFARLLASVRAAVKAFAKKPRLIGLSTLL
1537,KWKSFLKTFKSALKTVLHTALKAISS
2176,GLFSKFAGKGIVNFLIEGVE
2665,GLRILLLKV
841,ILKKLLKKVKSI
1600,FLKGIKGMLGKLL
3123,YPSKPDNPGEDAPAEDMARYYSALRHYINLITRQRY
3024,KWKLFKKIPLAKKF
1517,KFRRQRPRLSHKGPMPF
965,FLWGLIPGAISAVTSLIKK
3844,FFGHLFKLATKIIPSLFQ
528,GAWRRTVAKVRK
176,VDKPPYLPRPRPPRRFYNR
1621,AARIILRYRFR
422,KLKSLLKTLSKAKKKLLKTALKALSK
2179,YIRKIRRFFKKLKKILKK
4027,VRRFPWYWPFLRR
2530,APKVNVNALRKGGRVIRKGLGVIGAAGTAHEVYNHVRNRNQG
1377,FLFRVASKVFPALIGKFKKK
572,ILPFKFPFFPFRR
1800,KWPWWPWRR
2860,VDKPPYLPRPRPPRRIYNRN
288,GIGKFLKKAKKGIGAVLKVLTTGL
1905,ILSAIWSGIKSLF
1921,VDKPPHLPRPRPPRRIYNR
3275,KWKKFKKIGKVLKVL
3797,RQRDPQQQYEQCQERCQRHETEPRHMQTCQQRCERRYEKEKRKQQKRYEEQQREDEEKYEERMKEED
2221,RFPKLMMKLLV
4448,GMWSKILPHLIR
3085,KNVNSIVKIQAFFRARKAQDDYR
3233,SKKLFKKILKYLAGPAKKLFKKILKYLKDEL
4069,FFGWLIKPAIHAGKAIHGLIHRRRH
3684,VQWRIRVAVIRK
2503,GEILCNLCTGLINTLENLLTTKRKRQQ
383,RLLSLIRKLIT
3852,GGHGLFDVIKKVASVIGGL
370,ATCYCRRGRCATRESLSGVCRISGRLYRLCCR
2407,AARIILRPRFR
2333,RRIIRKIIHIIKK
2550,FRFGSFLKKVWKSKLAKKLRSKGKQLLKDYANKVLNGPEEEAAAPAE
4306,RQKDKRPYSERKNQYTGPQFLYPPERIPP
3494,FLFSLIPKAIGGLISAFK
1105,KIAGKIAKIAGKIAKIAGK
2384,HHHHHHCETPSKHFDGLCIRSSDCASVCHGEHFTDGRCEGVRRRCMCLKPC
1918,FLGALVKALSKLL
3207,RRWWCF
2245,FLPFLKSILGKIL
141,VQRWLIVWRIRK
4144,AKAWGIGGHVIGQIVGVRIRGLCGNV
491,LRRLWKRVFKIIKRLFRQLKKPVR
2230,INWKKIAEVGGKILSSL
1788,GIGKFLHSAKKFGKAFVGEIMNS
198,KWLLKWL
2388,RWRRPIRRPPIRPPWYP
4400,INWKKIASIGKEVLKAI
4371,KWKIFKKIEKVGRNIRNGIIKAVAVLGEAKAL
1171,RWRWPIRRPPIRPPFYP
1226,KKTSMKIIPFTRL
3659,RFRPPIRRPPIRPPFYPPFRPPIRPPIFPPIRPPFRPPLGPFP
1422,YKLLKLLLPKLKGLLFKL
3665,VSGPAGPPGTH
1904,FLSFPTTKTYFPH
4022,FFGHLFKLATKIIPSLFR
3735,TPFKISIHL
195,RRGWLALRLVLAY
1556,GKAMSLLKHILK
3550,VAIALKAAAYHTHKE
874,LAKRRVLTLLRQLRRVSPSS
4289,INLKAIAALAKKLL
4085,VDKKPYKPRPRPPRRIYNR
3984,RRRRRYRYWRRGLTIQGRPKSLPLNTGD
3720,ILGIITSLLKSL
1251,SWLRDIWDWVCEVLSDFK
840,GFSSLFKAGAKYLLKQVGKAGAQQL
2501,RWKIFKKIEKMGRNIRDGIVKAGPAIQVLGSAKAI
581,KRFKKFFRKIKKGFRKIFKKTKIFIGGTIPI
4210,GWWRRTVAKVAK
1641,YTSLIHSLIEETQNQQEKNEQELLELDKWASLWNWF
2390,MAGVIAKIVEIVKKLIDQFTQK
3568,FKCRRWQWRWKKLGAKPVPIIYCNRRTGKCQRM
905,KLWKKWKKWKK
631,LKKWLKKWLKK
2519,AKRHHKYKRKFH
1746,GLLWHLLHHLLHLLHH
162,NLVSALIEGRKYLKNVLKKLNRLKEKNKAKNSKENN
2823,SIGAKILGGVKTFFKGALKELASTYLQ
2337,GFWGKLWEGVKSAI
4003,KIAGKIAKIAGKIAKIAGKIAKIA
2971,GKEFKRIVGRIYRLCCR
617,FFGHIWHGARTLFRDVFA
3306,GIWSSIKNLASKAWNSDIGQSLRNKAAGAINKFVADKIGVTPSQAAS
1431,VLIKTRLFIKRK
925,STFFRLFNRSFTQGRRRRSVQWCA
4139,GFGSLFKFLAKKVAKTVAKQAAKQGAKYVANKHME
547,FIFHIIKGLFHAGKMIHGLVTRRRHGVEELQDLDQRAFEREKAFA
3724,GKLWLKGGKLWLKG
4098,LNWGALLKHLLK
3507,INWKKIKKKVKGML
1566,RLRLRIGRR
1592,VKKPPYLPRPRPPRRIYNR
1880,KKKAARALKRAL
3195,FLGKVFKLASKVFKAVFGKV
3078,YTSLIHSLIEEHQNQQEKNEQELLELDKWASLWNWF
3303,GFVALLKKLPLILKHLH
4473,GLFAVIKKVASVIG
611,IDWKKLLDAAKQIL
1336,VNWKKILAKIIKVVK
2726,GLNALKKVFQKIHEAIKKINNHVQ
640,WFGKLYRGKTKVVKKVKGLLKG
930,GFFALIPKIISSPLFKTLLSAV
2432,FFHHIFRGIVHVAKTIHRLVTG
3657,STLHLVLRLRGG
742,CGIYRSLKLIKSLVLIK
637,AAGRLWVLWRR
4242,GRFRRLRKKTRKRLKKIGKVLKLI
2867,EWFKARRWQWRMKKLGA
3585,FFPGIIKVASAILPTAICAITKRC
2833,AKKVFKRLRKLFKKI
2527,KRKKHRCRVFNNGLPTGLYRWC
2903,GMWSKILGHLIR
1097,GFFLNALKNFAKTAGKRLKSLLNHASCKLSGQC
2820,GNNRPVYIPQPRPPHPRL
48,GLFGVLAKVAAKVVPAIAEHF
2992,LKLLKKLLKLLKKF
2319,AVKRVGRRLKKLARKIARLGVAF
921,CPGFAKKFAKKFKKFAKKFAKFAFAF
3942,KLLKIVVIKVLK
546,FFGTLFKLGSKLIPGVMKLFSKKKER
3169,FLGGLIKWPWWPWRR
756,ALWKTMLKKLGTMALHAGK
3738,WWWLKRIW
2936,RGLRALGRKIAHGVKAYG
1966,RRIRPRPPRLPRPRPRPL
2178,APKEWMEWDREINNYTSLIHSLIKQGI
4302,KKKKIIKRLI
1642,AKRHHGYKRKF
3211,CFQWKRNMRKVR
4336,SWLRDLWDWLCEVLSDFK
3587,KKLFKKILKYLKFLHSAK
4376,ALWMTLLKKVLKAAAKAALNAVLVGANA
2905,LKLFKKILKYL
1864,GLHKVMREVLGYERNSYKKFFLR
4475,KWKLFKKIGAVLKKL
836,AKKFFKKPRVIGVSIPF
2259,EWDREINNYTSLIHSLIEESQNQQEKNEQELLELDKWASLW
3392,GFLDIVKGVGKVALGAVSKLF
3912,GLLKVIKTLL
3142,KKIWQKIKNFFQKL
3887,KKKKKKKKKKGIGKFLHSAKKFGKAFVGEIMNS
3467,GLRKRLRKFRNKIKEKLKKHGQKIQGLLPKLAPRTDY
1582,AKKWFW
3586,AMWKDVLKKIGTVALHAGKAALGAVADTISQ
3716,GLFDVIKKVASVIGGA
1070,TKNYGNGVTCGKHSCSVDWGKATTCIINNGAMAWATGGHQGNHKC
1775,MQFITDLIKKAVDVIKGLFGNK
4335,KLFAVIKKVAAVIRRL
1283,GLNALKKVFQGIHEAIKLINNHVQ
2484,KLVKTQLKVLK
3025,KNLRRIIRKGIHIIKKYF
4286,IHHIHHIIHHIHHIIHHIHHI
3407,ISSEVHIPLGDARLV
3757,GLGSLLGKAFKFGLKTVGKMMGGAPREE
3276,NRWYCNSAAGGVGGAAVCGLAGYVGEAKENIAGEVRKGWGMAGGFTHNKACKSFPGSGWASG
1326,GIGGKILSGLKTALKGAAKELASTYLH
2215,GLLSGILGAGKKIVF
3836,RRVSRRFMRRYRSRRIRRLV
2765,WPKRLTKAHWFEIQHIQPSPLQSNRAMSGINNYTQHSKHQNTFLH
2825,GLLDALSGILGL
1651,GIKDILKYGKPS
3245,GLLSLLSLLGKLA
3613,KLFAVIKKVAAVIGGL
2240,AGRGKQGGKVRAKAKTRSS
2357,KPPQFTKAQWFAIQHISLNPPKSTIAMKAINNYKWKSKNQNTFLK
2025,SKVWRHWRRFWHRAHRKL
2042,FLGALWNVLKSVF
1373,GLKALKKVFKGIHKAIKLINNHVQ
3895,FLPIIGKLLSGLL
2341,GLRKRLRKFRNKRKEKLKKIGQKIQGLLPKLAPRTDY
2948,KRIVKLLLKWLR
1965,DDALHHLLHHLLHHL
1727,FFARIRGGRAAVLNALGKEEQIGRASNSGRKCARKKK
867,KWKLFKKIGIGKFLHSAKKF
926,GIWKKWIKKWLKKLKNLF
3953,VDKPPRLPRPRPPRRIYNR
997,ALLLAIRRR
1337,LLGDFFRKAKEKIGKEFKRIVQR
3756,LSFPTTKTYFPHF
1099,GAKALTKAATAFTKFYKTIW
1132,IAGKIAKIAGKIAKIAGKIAK
4383,FLPLVTMLLGKLF
2226,AIGSILGALAKGLPTLKSWIKNR
210,KHRCRVYNNGLPTGLYRWC
3505,RHWRRFWHR
1840,ALKKMLRLAKRLS
3053,LVKRFKKFFRKLKKSVKK
59,LNWGAFLKHFFK
1211,GILDTLKQFAKGVGKDLVKGAAQGVL
2579,GIMSSLMKKLAKHIAK
2111,FAFAFAFKKAFKKFKKAFKKAF
4284,GLNALKKVFQPIHKAIKKINNHVQ
4445,GLKEIFKAGLGSLVKGIAAHVAS
1894,GILSSLWKKLKKIIAK
765,INWLKIAKKVKGML
4048,GATAIKQVKKLFKKWGW
3871,KRRKLAFRLFRLFLKLVLKK
1078,LIGSLFRGAKAIFRGARQGWRSHKAVSRYRARYVRRPVIYYHRVYP
3401,ALWKSLLKNVGKAAGKAALNAVTDMVNQ
4203,VLPIVKKLLRGLF
2586,EWKRWVQRWKDWLRNLV
1751,AFHHIFRGIVHVGKTIHRLVTG
1538,FLFSLIPSAISGLISAFK
4390,GRPSPSPSCRSWCKRPGHPEKNAFYCCDFGIGTVGKPFATHPGKCPHRPICPEGLYTRGPAPTVCAHDGQCSKHEKCCADACLEHHTCLLADP
1244,KKTWWKTWWTKW
2574,FLSGIVAMLGKLF
582,RIKRFWPVVIRTVVAGYNLYRAIK
3003,GSLHGFMYRYLKNMVLNLF
2045,ALWTTMLKKLGKMALHAGKAALGAAADTI
2639,LKRFLKWFKRFGGGRWRWRWF
940,RSGGYCNGKRVCVCR
1080,AARIILRIRFR
187,YPPKPESPGEDASPEEMNKYLTALRHYINLVTRQRY
2157,KKKIIIIIKKK
941,FKCRRWQWRMKKLGAPSITCVRRAF
3868,VKRWKKFWRKWKKWW
4434,GLLGKLLKIAAKVGSNLL
3839,VDKNPYLPRPRPPRRIYNR
4408,KKWWRRVLSGLKTAGPAIQSVLNK
3698,GVVKVSRLKGESLRARL
3288,GMWSKILGHLI
1765,FLSLIPKAISAISALINHF
2939,KIAGKIAAIAGKIAKIAGKIAKIA
3963,GFGLGGLARILCLGNRQWSNFFKKLNRKCAMVKK
226,IKLSPETKDNLKKVLKGAIKGAIAVAKMV
2694,RRGLFKKLRRKIKKGFKKIFKRLPPVGVGVSIPLAGRR
535,KKKKKKIIKKII
1909,AKVTMTCSAS
3996,LKKLWKRLARLWKRIIRQLKKPVR
1404,FFGHLFKLATKIIPSLFQRKKE
3210,GGLRSLGRKILRAWKKYGPQATPATRQ
3617,FEDLPNFGHIQVKVFNHGEHIHH
697,KRFWPLVPVAINTVAAGINLYKAIRRK
1124,ILGKLLSTAAGLLKNL
2078,RFRWPIRRPPIRPPWYP
2500,FLSLIPHIASGIASLVKNF
2285,YQLLIRMIYKAI
4260,GLLGGLLGPLLGGGGGGGGGLL
1758,FLSMIPHIVSGVAALAKHL
1778,RRRRPRPPRLPRPRPR
586,KKLKAFLKAWAKLFKAL
2488,RRLRPRRPRLPRPRPRPRPRPR
1400,GIGAVLAVLTTGLPALISWIKRKRQQ
3589,KIAKGALKALKIAKGALKAL
2564,GRRPRPRPRPWWWW
3264,FFGRLKSVWSAVKHGWKAAKSR
1037,FLGALFKVASKVL
208,IKKIWSKIKKWLK
4159,MKTFLRLYRSLINKVLH
565,RRPWRWPWWPWRR
313,VKRFKKFFRKLKKSVK
601,AGWGSIFKHIFKAGKFIHGAIQAHND
233,FKTWKRPPFQTSCWGIIKE
2848,GLFDVIKKLLKKIKGL
931,GDCKGIRRRCMCSKPL
4002,FLFSLIPSAISGLISAFKGRRKRDLN
4017,LLQWLSKLLGRWL
1036,ITTYWGLHTGERDWHL
111,LWKAAAKAAAKLW
2918,QHGYGAGGHGQQGYGSQHSSHAPQGGHVVREQGFSGHVHEQQAGHHHEAGHHEQAGHHEQSGQQVHGQGHGYKSHGY
1089,GFSSLFKAGAKYLRKQVGKAGAQQL
3424,KFFARLLASVRAAVKKFRKKPRLIGLSTLL
1754,AAKLLLKLLLKAA
230,RWKIFKKIPKFLHSAKKF
2005,RRRRRRRRRGGGGIGKWLHSAKKFGKAFVGEIMNS
1919,LRKKWFW
3237,RIRTWKSLVKHHM
1033,GHLGRPYIGGGGGFNRGGGFHRGGGFHRGGGFHSGGGFHRGGGFHSGGSFGYR
472,KALWKTMLKKLGTMAL
1514,KKLFKKILKYLKKLFKKILKYLKKLFKKILKYL
2850,KIGAKIKIGAKIKIGAKI
2610,VALTGLTVAEYFR
2728,KKLLKKPLLKKLLKKL
2794,FILGKLWKGVKSIF
1506,LLPIVINLLKSLL
1127,IIGPVLGLVGKALGGLL
1923,IFKAIWSGIKSLF
3812,KRGPNCVGNFLGGLFAGAAAGVPLGPAGIVGGANLGMVGGALTCL
3693,FLGALFKALSKVL
3633,RRRYIGRYVRFWK
4477,GKVLDKFGKIVGKVLKQLKKVSAVAKV
2457,PIPRPLPFPRPGPRPIPRPLPFPRPGPRPIPRP
2721,GLNALKKVFQGIHEAIKKINNHVQ
2771,GILSKLLKKLKKIIAK
4043,FLKALFKALKKLL
361,VDKPAYLPRPRPPRRIYNR
135,KKVVVKVKFK
1134,DNGEAGRAAR
2528,KRFKKFFRKLKKSVKKRKKEFKKKPRVIKVSIPF
1151,FFGSLLSLGSKLLPSVFKLFQRKKE
4361,KFAKKFKWFAKAAFKFFKK
2498,KWKSFLKTFSKAKKKALKTLLKAISK
4162,RWKIFKKIEKVGRNVRDGIIKAGPAVAVVGQAATVVKG
1830,GLFGILGSVAKHVLPHVIPVVAEHL
1053,KILRGVSKKIMRRISKDILTGKK
4111,SWLSKTYKKLENSAKKRISEGVAIAILGGLR
22,MPLSWFFPRTWGKR
3038,ILVRWIRWRIQW
1653,RWRRIVVIRVRR
4451,IKQVKKLFKK
4462,FKCWRWQWRWKKLGAPS
695,ILPWKWPWWPW
2287,RRRWWWFGGGRRRWWWF
3783,KGLGKLIGIDWLLGQAKDAVKQYKKDYKRWH
420,RILSILRHQNLLKELQDLALQGAK
4337,IARRALKKAKRAAHKIPAAKKFARR
3639,LLKKLLKLLLKLLKK
460,RRRVVVVVRRR
1067,WLGALFKVASKVL
87,GRKKRRQRRRGALWKSLLKNVGKA
4441,IAKIAGKIAKIAGKIAKIAGKIA
2603,GKIIKLKASLKLL
3641,KNIRRIIRKIIHIIKKYG
2535,KNWGAILKHIIK
282,GKWMSALKHILK
2080,RLLRIWWIRVLR
462,KVVFKVKFKKK
212,GFWNVVYRNGVRVHRRN
540,GLRKRLRKFRNKIKEKLKKEGQKIQGLLPKLAPRTDY
2053,GLGSLLGKAFKFGLKTVGKMMAGAPREQ
3706,KYYGNGVCNSVNWCQCGNVWASCNLATGCAAWLCKLA
2283,INLKILARLAKKIL
1820,GLKDMIKNLAKEAAVKLAGAVINKFSPQPQ
859,KRKKARCRVYNNGLPTGLYRWC
533,WLNALLHHGLNCAKGVLA
1368,RFRPPIRRPPIRPPFYPPFRP
4034,RRRFVAQQNAIHSRVSRQVPTLSNSV
2268,GFKRIVQRIKDFLANLV
597,APKVNVNALKKGGHVIKKGLGVIGAAGTAHEVYNHVRNRNQG
3874,FLSLIPHAINAVSAIAKHF
3940,WRRWWRWWRRWWRR
3273,KRKIFLRTKILV
3492,KRLFRRLLFSMKKY
662,GIINTLQKYYARVRGGRAAVLSALPKEEQIGKASTRGRKAARRKK
4471,GRFRRLRKKTRKRLKKIGKVLKWIKKIVGSIPLGCG
2195,GLFDIVKKVVGTIAGL
3277,WGRAFSAGVHRLARGGRG
4256,KRVWPLVIRTVIAGYNLYR
2600,GLLEALAELLEGLRKRLRKFRNKIKEK
2465,GLSALISWIKRKRQQ
660,KARQWQWKIRRTWPIFAIRR
4450,FLKGIVGMLGKLF
1420,KWRWIW
2164,FLQKIIGALGKLF
1553,LLPIVANLLKSLL
942,FVQWFSKFLGKIL
3605,GLLSVLGSVAKHVLPHVVGVIAEHL
779,IRIRCRRRFCRIRI
3315,GFLGPLLKLGLKGAAKLLPQLLPSRQQ
2748,ITKVITKLLNRLSKILSK
4065,YKLLKLLLPKLKPLLIKL
2789,WRWFIH
2678,RRWWKWWRK
121,RRWQWRMKK
2018,SYERKINRHFKTLKKNLKKK
2119,AFWKKFFKKFFKSAKKFG
887,ALKSLLKTLSAAAKKALATLLKALSK
3532,GLLKRIKKLL
685,GLSLLLSLKLKLL
3253,HSSGYTRPLRKPSRPIFIRPI
3881,RWWKIWVIRWWR
2929,GKWMSLLKQILK
2580,IGKLPKWIIKTVNKFTKK
2252,VRFKLLSHSLLVTLASHL
413,FIGGIISFIKKLF
789,FKCRRWQWRMKKLGA
1649,GLLKLIKTLL
2718,FKKLKKLFSKLWNWK
2154,LLQWLSKLLGRLL
2184,FFHHIFRGIVHKGKTIHRLVTG
1850,AAHCLAIGRR
3810,FLGALFKVAWK
1688,QETAYFLLKLAGRWP
1992,FSIARLLKWWKG
2117,GRRPRPRPRPWWWWW
1425,STIGKLPKWIIKTVNKFTKK
2659,FLSLIPHAINAVSAIAKHS
272,VLPIVKKVLRGLF
782,YKLLKKLLKKLKKLLKKL
521,KLKLLLLLKLK
522,RPKHPIKHQGLPQEVLNENLLRF
2316,CAQWQRNMRKVR
3213,FWHHIFRGIVHVGKTIHRLVTG
2835,KKLKLALAKLALLWKALALKLKKA
4123,GLFGKLIKKFGRKAISYAVKKARGKH
2305,EPFKISIHL
1511,KWKLFKKIGIGKFL
1882,RFRRLRWKTRWRLKKIRFGRFLRKIRRFRPK
651,IKKIVSKIKKVL
3375,AWASFFKKAAHVGKHVGKAALTHYL
369,KNLRRITRKIIHIIKKYG
2238,KKKLLLLLKKK
118,PHVALKPGKLKFIIPSPKRPVKLLSGGNTLHLVSTTKT
2704,DSHAKRHHGYKRKFHEKHHSHRGY
3603,IKKIWSKIKKWWK
4470,GLRKRPRKFRNKIKEKLKKIGQKIQGLLPKLAPRTDY
1613,WLSKTAKKLWLSKTAKKLWLSKTAKKL
2378,RKRKILILIKRK
962,GLWSTIKNVGKEAAIAAGKAALGAL
2915,FLGALFHALSHLL
2805,FLPLIARVLSGIL
2470,WRNGRWWRNGRW
4197,YPYYGTNLYQRRPAIAINNPYVPRTYYANPAVVRPHAQIPQRQYLPNSHPPTVVRRP
3525,RRLIWLILRLLR
2304,MAFPFSTQRINPEIEEGNASLADLPVTHAGSLPGIKAQVRTALGIALLLVA
2037,NRLARHFRDIAGRVNQRL
772,VWPLVIRTVIAGYNLYRAI
1284,INWKKIAEIGKQVLSAL
4274,ELRCMCIKTTSGIHP
1414,ILPLKLPLLPWRR
1234,GLFAIIKKIAESF
2210,LLRRVAGLLKQFAK
435,RIGSILGALAKGLPTLKSWIKNR
1674,KKPLLKKLLKKL
365,FLPIVGKLLSGLSGLL
2171,RRFKLLSHSLLVTLASHL
231,KKLFKKILKYLAGPAKKLFKKILKYLAGPA
3282,YKLLKLLLPKLKPLLFKL
3541,KWKLFKKIGPGKFLHSAKKF
407,FFPIVKKLLNGLF
86,LLPIVGNLLKSLLGWKRKRFG
844,FIGGIISFFKRLF
3908,VNWKKILGKI
2631,FRRPFKWPRRFFKFF
855,GIGKALKKAKKGIGAVLKVLTTGL
78,RWRWRWFGGGLKRFLKWFKRF
4122,IHHIHHIIHHIHHIIHHIHHIIHHIHHI
2979,GIGKFLHSAKKAGKAFVGEIMNS
2377,FSTKTRNWFSEHFKKVKEKLKDTFA
2374,GKWMKLLKKILK
3752,GFGGGRGGFGGGRGGFGGGGIGGGGFGGGYGGGKIKG
4257,DLYPWFN
4028,VDKKPYKPRKRPPRRIYNR
3829,FLSLIPHAINAVSAIAKHN
424,GWLRKLGKKIERIGQHTRDASIQVLGIAQQAANVAATAR
392,RWYRRWYR
4266,APRMEIGKRREKLGRNVFKAAKKALPVIAGYKALG
104,FKLFKKILKFL
2554,LKLMGIVKKVLGAL
1948,RGFRKHFNKLVKKVKHTISETAHVAKDTAVIAGSGAAVVAAT
1459,RWWRRWWRWWRRWWRR
2653,RLPRIWWIRVPR
2292,FLSFPTTKTYFPHFDLSHGSAQVKGHGAKVAAAL
4018,VRRFPWWWAFLRR
3787,KKWMSLLKHILK
1587,RPPIRRPPIRPPFYPPFRPPIRP
4042,KRGKQGGKVRAKAKTRSS
1731,KRKRFAKKFLRFLRKVIRFLKRFIRRF
3020,RQIKIWFQNRRWGGQLGRRRHRRRPSRRRRHW
2996,GLPALISWIKRKRQ
1791,ALWLAIRRR
1940,KIAGKIAKIAGKIAKIAGKIAKIAGKIA
702,GIGAVLKVATTGAPALISWIKRKRQQ
2299,GRRKRKWLRRIGKGVKIIGGAALDHL
496,KVPIGAIKKGGKIIKKGLGVIGAAGTAHEVYSHVKNRH
464,GLFGVLGSIAKHVLPHVVPVIAEKL
4294,FFHHIFRGAVHVGKTIHRLVTG
3713,FWGFLGKLAMKAVPSLIGGNKK
3979,GKPRPYPPRPPPHPRPIRV
2505,FFAAIFAPIVHVGKTIHRLVTG
3689,FLFSLIPNAISGLLSAFK
2402,RVVRQWPIGRVVRRVVRRVVRY
2112,VDKPDYLPRPRPPRRIYNR
900,GLLKRIKILL
1446,ALWKTLLKKVLKAAAKAALNAVLVGANA
4091,GMASKAGAIAGKIAKVAWKALGGA
741,ALWKTLLKKVLKAAA
3770,KWWKIWRWR
4396,FLPLKKLRFGLL
1206,HRHRHRHRHR
509,GIGTKILGGVKTALKGALKELASTYAN
4472,RRIKKRPPRLPRPRPK
3318,LIQRGRFGRFLGRIRRFRPRINFDIRARGSIRLG
3928,FLGALWEVAKSVF
2661,ILRAWKKYGPIIVPIIRI
2044,FFSLIPKLVKGLISAFK
767,RVKRVWPLVIRTVIALYNLYRAIKKK
4392,FLPLIGRVLSGILGWKRKRFG
3039,KRLFRKILKYL
421,ALNALKKVSQGIHEAIKLIANHVQ
123,GLFKVLGSVAKHLLPHVAPIIAEKL
3423,LVKRFKKFFRKLKKSV
3441,PKLLKTFLSKWIG
819,GVVDILKGAAKAIAGHLASKVMNKL
1403,RGLRRLGRKIAHGVKKYGPTVLRIIRIAGKKTWWKTWWTKWSQPKKKRKV
1382,FVPWFSKFLKRIL
2148,LRVRLASHLRKLRKRLLR
1575,KKKKWWWWI
1638,KWKVLKKKIKMLRNRINGLVKAGPALKVKLQALAL
1795,FLGALWHALSHLL
4342,GIGKFLKKAKKF
399,FIHHIIKGIFHIGKMIHSAINRRRH
3651,RVKRVWPLVIRTVIA
3962,KYYGNGVTCGKHSCSVDWGKATTCIINNGALAWATGGHQGNHKC
2364,GLPALISWIKRKRL
1352,GIGAVLKVLTTGLPAAISWIKRKRQQ
3076,KIPPVVKDTLKKVAKGVLSAVAGALS
4102,RFRWPIRRRPIRPPFYR
2130,VDKPPYLPRPRWPRRIYNR
982,FLSLIPKLVKKIIKAFK
456,ALWKDLLKNVGKAAGKAVLNKVTDMVNQ
3679,GWLKKIGKKIERVGQHTRDATIQTIGVAQQAANVAATLK
3682,ILGPVISTIGGVLGGLLKNL
1950,AIRCLAQRRK
3669,KLIFILSKTIPAIKNLFYKI
4372,RGVRPVYIPQPRPPHPRL
641,PFWRRRIRIRRRRIRIRRRWFP
1953,RLGDILQKAREKIEGGLKKLVQKIKDFFGKFAPRTES
2702,LPWKWPWWPWRR
2720,RMRRSKSGKGSGGSKGSGSKGSKGSKGSGSKGSGSKGGSRPGGGSSIAGGGSKGKGGTQTA
4298,GAKKGAKKGKKGAKKGAKGAGAKGAGAFKKKK
2389,GLFKKLRRKIKKGFKKIFKRL
1884,RRRTPSPRRRRSQSPRRRR
3877,WRHWRRFWHR
2540,FFPIVGKRLYGLL
2359,GLWSTIKNVGKEAAIAAGKAVLGSL
845,DLIWKLLSKAQEKFGKNKSRSFQLFGSPPGQR
542,NPAEDLARYYSALRHYINLITRQRY
91,GLRRLLGRLLRRLGRLLLR
3159,ILGPVLSMVGSALGGLIKKI
1979,RHRHRHRHRH
2298,LKKLLKLCKKLCKLAG
3317,GMWSKILKHLIR
2367,FWGALAKGALKLIPSLVSSFTKKD
4020,RIAGRIARIAGRIARIAGRIA
1048,SRWPSPGRPRPFPGRPKPIFRPR
1960,WKKVFKRLEKLFSKIWNWK
237,FFGHLFRGIINVGKHIHGLLSG
2415,KRIVKLIKKWLR
1133,RQRDPQQQYEQCQERCQRHETEPRHMQTCQQRCERRYEKEKRKQQ
1805,RLWVLWRR
3390,FIPGLRRLFATVVPTVVGAINKLPPG
163,GGHGRRWKIVVIRWRR
2846,RKKKLKVVKRLV
2727,KRDPQQREYEDCRRRCEQQEPRQQYQCQRRCREQQ
2812,IARRALKKALRARHTIPQCKKFGRR
2606,LLKWLKK
4293,GLFDVIKKVLKKIGGL
3200,FLGGLIKWKWPWWPWRR
1811,RPPQFTRAQWFAIQHISLNPPRSTIAMRAINNYRWRSKNQNTFLR
2533,ALRLAIRRR
3702,GLKLLLSLGLKLL
2944,VTQPLAPVHNPISV
2288,WLNALLHHGYKRKFH
2763,YTSLIHSLIEEQQNQQEKNEQELLELDKWASLWNWF
4087,VFKPPYLPRPRPPRRIYNR
4194,VDKDPYLPRPRPPRRIYNR
2303,AKKPVAKKAAGGVKKPK
1452,ATCYCRTGRCATRESLSAVCEISGRLYRLCCR
593,GLLPLLSLLGKLL
41,FKVKAKVKAKVKAKVKAKKKK
560,AIRCLAKRRK
4363,AWLLAIRRR
2478,TRQARRNRRRRWRERQRAAAACYGRKKRRQRRR
243,ALWKTMLKKLGTVALHAGKAALGAVADTISQ
1339,YPELQQDLIARLL
3402,GAKYAKIIYNYLKKIANALW
2411,KWKSFLKTFKLAVKTVLHTALKAISS
3431,KSKEKIGKEFKRIVQRIKDFLRNLVPRTES
1442,WKLFLKAVKKLL
261,ILPWKLPLLPLRR
4092,LRILRRLLRRLF
1689,STLHAVLRLRGG
1725,RAGLQFPVGRVHRLLR
3299,KPKGMTSSQWFKIQHMQPSPQACNSAMKNINKHTKRCKDLNTFLH
834,ILPWKWKWTPWRR
1866,RRVSRRPMRRYRSRRPRRLV
2010,GIGTKFLGGVKTALKGALKELASTYVN
340,VDKPPYLPRPRYPRRIYNRG
1601,IWGLIAHGVGHVGRLIHGLIRG
2446,SLRGCC
4235,KKKKGIGKFLHSAKKFGKAFVGEIMNS
480,KKVVFWVKFK
3167,RRRRRFRRVIRRIRLPKYLTINTE
4183,KKLFKKILKYLAGPAKKLFKKILKYL
3269,LNALKKVFQGIHEAIKLI
3241,FFPIVKKLLRALF
1766,LLKKLLKKLLKKLLKK
3971,RLYLRIGRR
2348,SLQGGAPNFPQPSQQNGGWQVSPDLGRDDKGNTRGQIEIQNKGKDHDFNAGWGKVIRGPNKAKPTWHVGGTYRR
3101,RVVRPVVQVVKQKVR
4207,DMQSLFKQYFQKMTK
3399,RRWYRWWR
1271,YQEPVLGPVRGPFPIIV
3885,KFKKLFKKLSPVIGKEFKRIVERIKRFLR
4012,SFIKRSLKLIKSLVLIK
2520,GFKLKGMARISCLPNGQWSNFPPKCIRECAMVSS
347,FIPIVKKLLSALF
3153,KIFGAIWPLALGALKNLIK
4170,KRFRIRVRV
4140,KFFKRLLKSVRRAVKKFRKKPRLIGLSTLL
1423,KWKLFKKVLKVL
656,FFHHIFRGIVHVGKTKHRLVTG
2102,KWKSFIKNLEKVLKKGPILANLVSIV
632,GIMSSLMKKLKKIIKK
2617,RKKKIKIIKKII
2984,LWKAAAKAAAKLL
4500,GLRRALLRLLRSLRRLLLRA
3919,GLFSVLGSVAKHLLPHVAPIIAEKL
1465,GFLSILKKVLPKVMAHMK
2313,ILPWRWPWWPWRR
115,KWKVFKKIEKMGRNIRNGIVKAGPKWKVFKKIEK
4089,KWFRFYRFFYRRR
1494,TFFRLFNRGGGKNLRIIRKGIHIIKKY
1232,YTSLIHSLIEENQNQQEKNEQELLELDKWASLWNWF
3071,GIGKFLHSAKKFGKAFVGEIMNSGGC
1153,GILDTLKQFAKGVGKDLVKGAAQGVLS
3128,GLRKRLRKFRNKIKEKLKKRGQKIQGLLPKLAPRTDY
57,RRRRRRRRRRGIGKFLHSAKKFGKAFVGEIMNS
3616,GSRTTGRRGSGHSESSDSEVHSWGSHTHSGHIQGQAGSQQRQPGSTVHGRLETTHGQTGDTTRHGHSGYGQSTQTGSRSSRASHFQSHSSERQRHGSSQVWKHGSYGPAEYDYGHTGYGPSGGSRKSISNSHLSWSTDSTANKQLSRH
4453,AKKVSKRLEKLFSKIQNDK
1735,FKLRAKIKVRLRAKIKL
2196,HSSGYTRPLRKPSRPIFIRPIG
2897,LKRLWKRLFKILKRYYRYLRRPVR
2572,GLKALKKVFKGIHKAIKLINKHVK
2978,RRIIRKIIHII
707,GIINTLQKYYFRVRGGRFAVLSFLPKEEQIGKFSTRGRKFFRRKK
1093,RRWPLKPKKWPLI
4488,RKKRKKLIKRLI
1376,KGWGSFFKKAAHVGKHVGKAALTHYL
72,GWWRRTVAKVRNAGRK
1922,LNLKGLIKKVASLLN
2583,RGRKYYRRKK
1764,KRRLIARILRLAIRALVKKR
743,GLMSVLGHAVGNVLGGLFKPKS
3370,NEYHGFVDKANNENKRKKQQGRDDFVVKPNNFANRRRKDDYNENYYDDVDAADVV
1005,HRKKHHGKRNSNRAHQGKHETYGHKTPY
1190,NLCASLRARHTIPQCKKFGRR
1125,LLAIVGNLLKSLL
1241,VKKFPWWWAFLKK
2325,GKWMSLLKHILK
2804,KWFKKIPKFLHLLKKF
998,LKLKSIVSWAKAVL
1577,LRRLYKRVVKLWKRLFRQLRRPVR
4318,ALWKTMLKKLGTMALHAGKAALGAAADTI
1826,RFRRLRIKTRIRLKKI
2683,YVSGKARGWFYRHHYESPHPRISSEVHIPLGDARLV
4494,FFGWLIKGAIHAGKAIHGLIHRRRH
3537,GIGAVLWVLTTGLPALISWIKRKRQQ
440,GIGGALLSAGKSALKGLAKGLAEHFAN
1100,RIKRFWPVVIRTVVAGYNLYR
3225,DDALKHLLKHLLKHL
649,LLKWLLKWLLK
1546,GLWKGKLGLWKGKLGLWKGKL
3994,GKPRPYSPRPTPHPRL
2594,RFRPPIRRPPIRPPFRPPFRPPVR
630,GFKAIVQRIKDFLRNLV
672,WKRWVQRWKRFLR
1249,WPKRLTKAHWFEIQHIQPSPLQCNRAMSGINNYTQHCKHQNTFLH
482,FLPGLIAGIAKML
1584,IFHHIFKGIVHVGKTIHRLVTG
4173,GFGALFKFLAKKVAKTVAKQAAKQGAKYVVNKQME
2476,GILSSLWKKPKKIIAK
1462,DLWNSIKDMAAAAGRAALNAVTGMVNQ
3193,AMVGT
2951,KLVKTWLKVLK
49,INWKKIKSIIKAAMN
3879,AKRHHGYKRKFHAKRHHGYKRKFH
4152,FLPIAGKLLSGLSGLL
858,KTRNWFSEHFKKVKEKLKDTFA
1072,WLLKRWKKLL
719,KRKKHRCRVYNNGLATGLYRWC
2778,KKSLLAKAKNFGGKVITIFKA
1660,KKLFKKILKYLAVAVVGQATQIAKKDEL
1656,SRSELIVHQR
2873,FQWQRNMRKVRGPPVS
3515,GMWSKILGHLIK
4481,GFLSILKKVLKVMAHMK
2697,GGARSLGRKALRAWKKYGPAIVPIIRI
3976,KKLALLALKKWLLALKKLALLALKK
4285,GATAIKQVKKLFKKKGG
3366,FLPFVGNLLKGLL
1385,KKLLKKLLKWL
3116,FKHHIFRGIVHVGKTIHRLVTG
1399,KQSHKKGGHSFPKEKIS
1195,GSLHGFMYKYLKNMVLNLF
1408,VIHKWKLFKKIGAVLKVL
4312,LLKAAAKAAAKLL
1798,AKAWGIPPHVIPQIVPVRIRPLGGNV
1475,RGLRRLGRKIAHGVKKYGPTVLRIIRIAGGGGGSHVDKKVADKVLLLKQLRIMRLLTRL
2840,LKLSPKTKKTLKKVLKGAIKGAIAIASMA
35,KWKLFKKIEKVGQNIRDGIIKAGPAVAVVGQATQIAK
2887,FLHHIVGLIHHGKLDMYRSNN
2345,GGLRSLGRKILRAWKKYG
2587,IKIPPIVKDTLKKVAKGVLSTVADALSKS
2206,VDKKPYRPRPRPPRRIYNR
3062,ILGPVLGLVGNALGGLIKKL
1286,VNFLLHKIYGNIRYS
349,KWKLFKKLPKFHLHLAKKF
3528,FFHHIFRAIVHVGKTIHRLVTG
4127,FIFPKKNIINSLFGR
1681,EWRKKRYS
1443,WGRRWRIRIPRLPRPWPPRPKWPRSATINTDQ
2643,GLFAVIKKVASVIKGL
1671,KKLALALKKPALLWKKLALALKKA
2405,IVWQVDRM
1179,GIKDWIKGAAKKLIKTVASHIANQ
3429,RPVRPVYIPQPRPPHPRL
3909,RGLRRLGRKIAHGVKKY
2942,SIGTAVKKAVPIAKKVGKVAIPIAKAVLSVVGQLVG
1916,GILSSLWKKLKKWIAK
1357,KQKLAKLKAKLQKLKQKLAKL
1825,GRFKRFRKKAKKLFKKLSPVIPLLHL
786,INWKGIAAMAKKLL
469,GMASKAGAIAGKIAKVAWKALGGC
140,VKRFKKFFRKLKKSV
788,FLGKVFKLASKVFPKVFGKV
323,ILPKKKPWWPWRR
3642,KKLFKKILKYL
714,KRRKAIKILKLIAKLIRKKR
3995,RPRGRRGSRPSGAERRRRRAAAA
4340,GLFAVIKKVAAVIKKL
3872,GVFRVLRKVTRVVLKVIGKVLKWI
4145,TAEDLARYYSALRHYINLITRQRY
2456,KFGKIVGKVLKQLKKVSAVAKVAMKKG
406,GRWRWWWRWRI
3600,KRRWPWWPWRLI
1004,QRPRLSHKGPMPF
890,FFPFVAKLLKGLF
3883,LIAGLAANFLPKLFCKITK
3201,FKRFKGSVKHGKGHLVHHIGVAL
3734,RAVAVIIRLRRV
2698,KGARQAWKDYKYNRNMQKMNQGYGQQGG
303,KWKSFLKTFKSAGKTVLHTALKAISS
4038,GIIKGIIKIIKA
3046,SNDSLWYGVGQFMGKQANCITNHPVKHMIIPGYCLSKILG
664,RVIRVVQRACRAIRHIVRRIRQGLRRILRVV
1177,GFMKYIGPLIPHAVKAISDLI
1947,GWGSFFKKAAHVGKHVGKAALGAAARRRK
3737,GAARKSIRLHRLYTWKATIYTR
3576,RRWQWR
2132,GFGKALKLLKKVL
3649,VPKPPYLPRPRPPRRKYNH
961,KIKKGFKKIFKRLPPIGVGVSIPLAGKR
2009,GRWRWWWRWRL
2149,GWLKKIGKKIERVGQHTRDATIQGLGIAQQAANVAATAR
2707,FSISPGKVLDKFGKIVGKVLKQLKKVSAVAKV
2338,GKWMSLLKHIWK
3158,ILPLKLPLLPLRR
304,GIGGALLSVGKLALKGLANVLADKFAN
1440,KKLFKKILKYLGIGKFLHSAK
1496,QLLIRMIYKNILFYLVPGPGHGAEPERRNIKYL
916,LLLIALRKK
3468,FFRHIVGAISRIFGQKQRDMAD
3026,RRRPRPPYLPPRRPP
1624,IFGAIAGLLKNIF
4164,MADVIAKIVEIVKKLIDQFTQK
821,DLIWKLLSKAQEKFGKNKSR
4412,GRLRNLIEKAGQNIRGKIQGIGRRIKDILKNLQPRPQV
1354,RWKIFKKIEKVGQNIRDGIVKAGPAVAVVGQAATI
4005,VDKKPRKPRPRPPRRIYNR
4064,WKLLSKAQEKFGKNKSRFKCRRWQWRMKKLG
1000,GSKRWRKFEKRVKKIFEETKEALPVVQGVVAVATAVGRR
18,KKLALALAKKWLPLAKKLALALAKK
1637,FRRFFKWPRRPFKFF
1667,WRRWWRRWWRWWRRWWRR
493,VDKRPRLPRPRPPRRIYNR
3355,FRLMLRLLRW
3741,TVVRRRGRSPRRRTPSPRRRRSQSPRRRRSQSRESQC
687,FWGLKGLKGPGKFSKKL
3033,FLFSLIPSAISGLINAFK
1608,RRIRPRKPRLPRPRPR
3319,WLRAFRRLVRRLARLLRR
2990,LVKKLLKLAMGFG
1009,GANLAKKFYTYINKFINYAW
2408,GIRIIPVIIPGYKKWARLIKRGLSRLGG
1092,LFRLIKSLIKRLVSAFK
1327,FAVGLRAIKRALKKLRRGVRKVAKDL
1677,GIFPIFAKLLGKVIKVASSLISKGRTK
1999,KKLFKKILKYLAGPAKFLHSAK
1310,FLPVLAGVLSRA
1987,KLLKWLKKLLK
2974,WRRFWRR
344,IFPIVKKLLKGLF
3352,GLLGVLGSVAKHVLPHVVPVIAEHL
986,AGERIVDIIATDIQ
3130,WKWKWKWKPGKWKWKWKW
3666,YRMWRWRWRWR
3248,GLVTSLIKGAGKLLGGLFGSVTGGQS
2518,KWKSFLRTFKSPVRTVFHTALKPISS
1142,VDKRHYRPRPRPPRRIYNR
2358,KKRWWWWWR
1198,KRIVQRIKDWLR
85,GPRSANHKRGLARVGNANPGKYLAKYSFRPVILSSKPLSPTPTKT
1518,KRFKKWYKAWRKKWRKY
3411,VFRLKKWMQKVIDRFGG
1381,MAGGKAGKDSGKAKAKAVSRSARAGLQFPVGRIHRHLK
2512,RWKPFKKELKVGRNIRDGIIKAGPAVAVIGQATSIARPTGK
1014,KRKKHRCRVYNNGLPTGLSRWC
128,AAHCIALRKGYK
1364,ASWKVFLKNIGKAAGKAVLNSVTDMVNQ
3695,AIIAGIIIKIKK
2545,KWKLFKKILKVL
891,FLGALWNVAKRVF
3491,GIGGKILGGLKTALKGAAKELASTYLH
1359,KKLKLALAKLAPLWKALALKLKKA
307,RWRRPIRRRPIRPPFYP
1661,GNNRPIYIPQPRPPHPRL
2431,KKALLALALHHLALLALHLAHALKKA
3196,FFWHHIGHALDAAKRVHGMLSG
1317,GLRKRLRKFRNKIKEKLKKIGQKSQGLLPKLAPRTDY
3647,AVAVVGQATQIAKKKLFKKILKYLKDEL
3566,ILPKKWPKLPWRR
1208,WDKPPYLPRPRPPRRIYNR
3998,FLFSLIPSVIAGLVSAIRN
3625,FKCRRWQWRMKKLGKRSKNKGFKEQAKSLLKWILD
2494,QLGELIQQGGQKIVEKIQKIGQRIRDFFSNLRPRQEA
1239,KRFKKFFMKLKKSVKKRVMKFFKKPMVIGVTFPF
2289,IHHIHHHIHHIHHHIHHIHHHIHHIHHH
275,SWLRDIWDWLCELLSDFK
489,SKKLFKKILKYLAGPATTGLPALISW
3918,YQLLIRMIYKNI
1229,FAHHIFRGIVHVGKTIHRLVTG
1008,GLPALISWIKRKRGG
3296,GVGDLIRKAVSVIKNIV
2591,GLFDIIKKVASVIGGL
3438,ATLHLVLRLRGG
1058,RRWPLLPWKWPLI
2166,FVKLKKILNIILSIFKK
281,FFPIVGKLLFGLL
2908,FLPLLAGLAAKWF
1316,KWKSFLKTFKVAVKTVLHTALKAISS
968,KILRGVSKKIMRTFLRRILTGKK
2547,GFKMALKLLKKVL
3184,LKLLKWLLKLL
2577,FFPIVKKFLKGLF
4291,RRRIIIIIRRR
619,RWRWWWRWRA
2634,FLGLLFKVASK
1742,KLPKIWWIKVPK
4062,GRKKRRQRRRPWQ
3289,INLKAIAALVKKV
1847,GIGASILSAGKSALKGLAKGLAEHFAN
1579,ILPWKWPKWPWRR
1655,GIWGTLAKIGIKAVPRVISMLKKKQ
2352,RKWVWWRNR
2212,KWKLFKKIPKFLHLAKK
2020,KKALLAHALHHLALLAHHLAHALKKA
1956,ALWKKLLKKA
1307,VDKPPYLPYPRPPRRIYNR
2003,RWRRLLKKLHHLLHGGGFKKFWKWFRRF
575,GNNKPVYKPQPRPPHPRL
3865,KWKLFKKGIGAVLKV
1706,GLRRLLRKIRGRWKGGGRLLRPLLQLLKQKLR
3042,RKKKKKIIKKLI
4186,FVRWFSKFLGRIL
3673,GIFSKLAGKKIKNLLISGLKG
861,AKAVKPKTAKPKTAKPKTAKA
1801,FIHHIIGGLFSAGKAIHRLIRRRRR
1628,DDALRHLLRHLLRHL
1993,KIAKVALKAL
269,GLRKRLRKFRNKIKEKLKKNGQKIQGLLPKLAPRTDY
629,GLWQKIKSAAGDLASGIVEAIKS
2334,KIAGKIASIAGKIAKIAGSIAKIAGK
300,KISKKIMRTFLRRILTGKK
459,ILKKLLKKVKKI
1447,ISQSDAILSAIWSGIKSLF
1472,KWKLLKKIGAVLKVL
2046,IKIPSFFRNILKKVGKEAVSLIAGALKQS
3621,KWKKLLKKLLKLLKKLL
4391,GFKRIVQRIKDFLRNLV
2113,VQLRIRVCVIRR
3660,GLLKRIATLL
3658,YTGIFTKQVLSKLKK
837,RWKIAKKIEKVGRNVRDGIIKAGPAVAVVGQAATVVK
3606,RKKRVKLLKRLV
2008,FLPIVGLLKSLLK
4422,KKLFKKILKYLAGPAKKLFKKILKYLAGPAKDWEHLKDWEHLKDWEHLKDEL
503,SIGSAFKKAAHVGKHVGKAALGAAARRRK
2609,RLWRIVVIRVAR
3430,FLFSLIPHAISGLISAFK
380,WKKVQWLKRLLL
3475,GKWMSWLKHILK
1525,RRWWCR
3776,KWKWKW
2630,RWRRPIRRPPIRPPFYR
2340,VDKPPYLPRPRPPRAIYNR
374,FKRLKKLFSKIWNWK
2655,HLRRINKLLTRIGLYRHAFG
2381,KLALKLALKALKAALKLA
3654,FLHHIVGLIHHGLSLFGDRAD
939,MASRAARLAARLARLALRAL
3129,ALWKKILKNAGKAALNKINQIVQ
3426,LLRIALRKK
2147,GIGAVLKVATTGLPALISWIKRKRQQ
3103,RARAPHKAWYNCMTDAGISGAIAGAVAGCAATIEIGCVEGAIAGIGPSGIASMIAALWTCRSKY
2068,FRKKLKKLFKKLSPVIPLLKLG
529,ALAHFLKKAIKK
3032,RRRFFFFFRRR
636,ALWMTLLKKVLKA
1269,YYHFWHRGVTKRSLSPHRPRHSRLQR
185,GFLGSLLKTGLKVGSNLL
4281,RWIRVVQRWCRAIRHIWRRIRQGLRRWLRVV
2589,IGKKFKRIVQRIKKFLRNL
2813,LQQLLFRRRRRRRR
1797,KWKKFKKIGAVLKVL
1441,KMDSRWRWKSSKK
4404,GMWSKIKNAGKAAKAAAKAAGKAALGAVSEAM
1535,KRWWKWIRW
1273,PIRNWWIRIWEWLNGIRKRLRQRSPFYVRGHLNVTSTPQP
3337,VDKKPYRPRKRPPRRIYNR
607,ILAWKWPWWPWRR
1712,GKAPKLKIFDTKNLK
2199,VKVGINGFGRIGRLVTRAAFHGKKVEIVAIND
955,RGGRLCYTRPRFTVCVGR
3165,KFGKAFVKILKK
2751,NWRKILGKIAKVAAGLLGSMLAGYQV
403,TRWLWLLRGGLKAAGWGIRAHLNRNQ
2071,GILKSLLKKLKKIIAK
4288,DKPKKKPPPPAGPPPPPPPPPGPPPPGP
1977,FVRWFSRFLGRIL
158,GVVVRWGRVIVRGVRR
1748,RRRRPWRRRPIRPPFYW
2881,ILGKIWEGIKSLF
902,RVVRPVVQGVKQKVR
352,SSMKLSFRARAYSFRGPGPQL
1230,RKKKLKFFKRLF
4213,LLLIVLRKK
2140,RFRRPIRRRPIRPPFWR
444,KCRRWQWRMKK
4456,WRNGRWWRNGRWWRNGRW
754,FIHHIIGGLFSVGKHIHSLIHGH
1737,VDKPHYLPRPRPPRRIYNR
4486,RFRLPFRRPPIRIHPPPFYPPFRRFL
311,RGLRRLGRKIAHGVKKYGPTVKRIKRKA
548,FLGALFKAVSKLL
3291,RVIEVVQGAYRAIRHIPRRIRQGLERIL
3592,LNALKKVFQKIHEAIKLI
306,KRFWQLVPLAIKIYRAWKRR
2335,NPEKALEKLIAIQKAIKGMLNGWFTGVGFRRKR
694,YVSGKARG
2356,MQFITDLIKKAVDFIKGLFGNK
1927,FKLFKKIPKFLHLAKKF
3815,TSKYR
749,KWKLFKKIPKFLHL
3413,RRIRPRPPRLPRPRPK
1266,KLLKLLKKLLKLLK
2676,VDKRPYKPRKRPPRRIYNR
2876,KKWRWWLKALAKKLL
3471,GIKKFLKSAKKFVKAFK
970,GWKKWLRKGAKHLGQAAIK
13,GIGAVLKVLTTGLPALKSWIKRKRQQ
873,MGAVVKGGLKIIGGTAASWLGWEAGTRIWK
808,SKVWRHWRRFW
514,GFKDLLKKAAKALVKTVLF
4128,FLKGIVGMLGKLL
409,RKKAFW
4414,VGTDFSGNDDISDVQK
4313,HRKKWFW
207,GLLKRIKNLL
4394,KSSAYSLQMGATAIKQVKKLFKKWGW
458,SFLTTVKKLVTNLAAL
2829,MSKVISALSKYGPKAVNWAKNHKGQIANWLLHGLSIPDIVQNVKNAVGIK
2430,ILLKIWEGIKSLF
2980,FLPLLVGAISSILPKIF
3610,KWKSFLKTFKSAKKTVLHTALKAISS
3132,FFKLIPKLVKGLISAFK
3941,FFGWLIKGAIHAGKAIHPLIHRRRH
1883,FLPIVGKLLSGLF
1713,FLGKVFKLASKVFGAVFGKV
3217,LKKLLKWLKKL
3667,LKHGLLKRIKTLL
552,LNWGAWLKHWWK
1439,DSHEKRHHEHRRKFHEKHHSHRGY
2270,KWKKLLKKPLLKKL
4310,VNWKKVLAKIIKVAK
1925,GKEFKRIVKWPWWPWRR
634,KVHGSLARAGKVRGQTPKVAKQEKKKKKTGRAKRRMQYNRRFVNVVPTFGKKKGPNANS
4332,FLKLLKKLAAKLF
316,AAGWGLRRLLKYGKRS
3500,RLRKRLRKFRNKIKEKLKKIGQKIQGFVPKLQPSKQS
4240,KWKKLLKKLLPLLKKLLKKLK
1328,KLLKWWKKLL
427,RWRWRWFGGGFKKFWKWFRRF
3862,GWGDTFGKVLKNFAKVAGVKAAK
105,RCPGHTRQIGTSFGPRVKSCRKW
142,ILGKILKGIKKLF
2169,MENRWQVM
4171,ALWKDILKNLLKAALNEINQIVQ
3904,FFPIVKKMLSGLF
2241,GWKKWLRKGAKHLGQAAIKGLAS
4354,FRRFFKWPRRFFKFF
2163,FIGAIARLLSKIF
2636,ALKSLLKTLSKAKAAKLKTLLKALSK
1949,VDKKHYLPRPRPPRRIYNR
1768,KKVWFIFHVCPKLKQRIL
2272,KWKSFLKTFKSPARTVLYTALKPISS
1,VKKFAWWWAFLKK
3389,KQLKKVSAVAKVAMKKGAALLKKMGVK
4465,WWRRTVAKVRNAGRK
1951,KWKSFLKTFKSPVKTVFYTALKPISS
3329,RIIDLLARVRRPQKPKFVTVWVR
3632,KRRKLIKILKLIIKLIRKKR
4349,RRRRRRRRRVSRRPMRRYRSRRPRRLV
1109,VDKPPYLPTPRPPRRIYNR
2924,RLWRRWRRWLR
591,ALYLAIRKR
1695,VFQFLGKIIHHVGNFVHGFSHVF
3926,VDKPPYLPRPRPPRRIYN
2776,GILDTLKQFAKGVGKDLVKGAAQGVLSTVS
1576,GFLGPLLKLGLKGVAKVIPHLIPSRQQ
3260,TFFRLFNRGRRRRSVQWCA
213,KIALKALKALKALGKALKAL
778,RVIRVVQGACRAIRHIPRRIR
4143,FKTFLKWLHRF
3349,KKLALHALKKWLHALKKLAHLALKK
2043,PMARNKKLLKKLRLKIAFK
4083,DLIWRLLSRAQERFGKNRSR
2858,RAKIFKKIEKVGRNVRDGIIKAGPAVAVVGQAATVVK
4421,VDKPRYLPRPRPPRRIYNR
1567,AIHDILKYGKPS
3761,GKIPVKAIKKAGAAIGKGLRAINIASTAHDVYSFFKPKHKKK
4255,FFPIVGKLLKGLL
2922,FLSAIVAMLGKLF
4437,KWKLFKKAVLKVLTT
1343,RVIEVVQGACRAIRHIPRRIRQGLERIL
2013,GILKTIKSIASKVANTVQKLKRKAKNAVA
273,SNNFGAKLSSTKVGK
71,FLPAALAGIGGILGKLF
1087,GIKDLLKGAAKALVKTVLF
394,FPVTWKWWKWWKG
583,GILSKLGKALKKAAKHAAKA
1367,FIHHIFRGIVHAGRSIGRFLTG
4492,AKKVFKRLEKSFSKIQNDK
3321,NLRRIIRKIIHIIKKY
2548,ALWKTMLKKLGTMALHAGKAALGAAADTISQGTQ
3346,IGKLFKRIVQRIKKFLRNL
4316,KIKLFKKWPKFLHLAKKF
3247,RPFTRAQWFAIQHISPRTIAMRAINNYRWR
2879,GKIPVKAIKQAGKVIGKGLRAINIAGTTHDVVSFFRPKKKKH
1763,SLGNFFRKARKKIGEEFKRIVQRIKDFLQHLIPRTEA
3742,KIAKGALKALKIAKVALKAL
1259,TDKPPYLPRPRPPRRIYNR
4175,QPEWFKARRWQWRMKKLGA
2253,RLKKIGKVLKWI
526,VDKPPYLPRPRYPRRIYNR
377,RLLRPLLQLLKQKLR
1559,RRQWRGWVRIWL
3105,VRRFPWWWPFLRR
1963,KKLFKKILKFL
4270,GLLKFIKTLL
348,VDKKPYLPRRRPPRRIYNR
3965,GLRKRLRKFRNKIKEKLKKIGQKIQGFVPKLAPRTDY
2246,GIGKFLHAALLFAKAFVAEIMNS
3427,GGHKWKLFKKIGAVLKVL
1709,AATAKKGAKKADAPAKPKKATKPKSPKKAAKKAGAKKGVKRAGKKGAKKTTKAKK
1050,ALWKNMLKGIGKLAGKAALG
590,FLSAIVGMLAKLF
519,GLRKRLRKFRNKIKEDLKKIGQKIQGLLPKLAPRTDY
4001,TAYFLLILAGRW
3386,GMASRAGAIAGRIARVALRAL
2477,DEDLDE
1083,WWPWRR
2925,KKSCHTGLKKSAGWVIPIGTLVKNGIIVR
4307,GNNRPVYLPQPRPPHPRI
4026,RRLTLRQLLGLGSRRRRRSR
1294,FAVAVKAVAVKAVAVKAVKKAVKKVKKAVKKAVKKKK
1809,KKALLAHALHLLALLALHLAHALKKA
791,AGRGKQGGKVRAKAKTRSSRAGLQFPVGRVHRLLRKGNY
792,RRRLLLLLRRR
3957,INWKKMAATALKMI
1980,VDKGSYLPRPTPTPRYRPIYNRN
3174,KWLRRVWRWWR
2755,RRIRKRPPRLPRPRPK
1530,AAAAAAAIKMLMDLVNERIMALNKKAKK
1410,RKKRLRVVRRLV
3630,ILKKIWKPIKKLF
3935,LRCMCIKTTSGIHPK
83,YCNGKRVCVCR
3897,ATHCLFLKKR
2350,VRRFKWWWKFLRR
20,KKLFKKILKYLAGPAGIGKFLHSAKKDEL
2787,GLWSKIKAAGKEAAKAAAKAAGKAALNAVSEAV
1562,GLAANFLPKIFCKITRKC
973,FLPIVKKLLRGLF
1710,ILPWKWPAWPWRR
4037,EVAKKLLASALKLALAI
1098,KWKVFKKIEKKWKVFKKIEKAGPKWKVFKKIEK
3422,LRAAHRLAIGRR
886,FFHHIFRGIVHVPKTIHRLVTG
2994,FFPLVKKLLSGLF
4221,IKKWLSKIKKLLK
3835,ILGPVLGLVGNALGGLIKKI
515,GRWRWWWRWR
737,GSWIKRLNSWLRK
1453,LLAAHLLAIGRR
3226,FLKKAKKFGKAFVKILK
4241,LVKRFKKFFRKLKKS
2506,ALLHHGYKRKFH
2126,FLGVVVKLASKVFPAVFGKV
906,FKCRRWQWRMKKLG
2973,NKVKEWIKYLKSLFS
3650,KRLRKFRNKIKEKLKKIG
2507,KKHRKHRKHRKHGGSGGSKNLRRIIRKGIHIIKKYG
2428,GLVGTLLGHIGKAILS
947,RKFRNKIKEKLKKIG
3093,KILRGVSKKIMRTFLRR
3305,GLFDVIKKVASKIKGL
715,AFGMALKLLKKVL
4040,HFLGTLKNLAKKIL
686,SHGAVSLTMCKLTSGKYPNCRYKEKRQNKSYVVACKPPQKKDSQQFHLVPVHLDRVL
703,FIGGLRRLFATVVGTVVGAINKLGGG
2353,MWITNGGVANWYFVLAR
2257,RVVRQWPIGRVVRRVVRRVVRL
3661,LLIILRRRWRKQARARSK
21,RRIRPRPPRLPRPRPRPLPFPRPG
2752,RWRWRWFGGGRWRWRWF
885,KWKKLLKKPLLK
3788,RWRRPIRRRPIRPPWYR
917,GKWMSLWKHILK
3218,FFHHIFRGIVHVGKTVHRLVTG
3049,AWKETIRKYLKNEIKKKWRKAVIAW
2239,RRWWRF
4050,RRLFKKILKYL
1265,FLYIVAKLLSGLL
483,VDKMPYLPRPRPPRRIYNR
3717,SAVWRRWRRFWLRKRRKR
1219,WLWKAIWKLLK
277,ILPLKLPWLPLRR
988,RWQWRWQWR
2084,FWGALAKGALKLIPSLVSSFT
1245,GLRKRLRKFRNKIKEILKKIGQKIQGLLPKLAPRTDY
2382,RRWWCP
571,RRRSVGQQNAIPSHIQVNKFFLRKPAKQHI
1435,VNWKKVLGKIIKVAK
993,GRFKRFRKKFKKAFKKASPVIPLLHL
3939,FIKRIARLLRKIF
2807,MGKLAIKAGKIIGGGIASALGWAAGEKAVGK
585,KWKKLLKKLLKLLKK
3858,KLLKFVTKVGKAIFKALIKAI
2514,AKLWALKAKLWALKAKLWALK
1349,GLTRLFSVIK
1007,VNWKKILAKIIKVAK
674,GLLSVLGSVAKHVLGHVVPVIAEHL
2412,VHIPLGDA
447,VDKKPYKPRRRPPRRIYNR
2830,FKRLKKLFKKIWNWK
3722,GLLEALAELLEGRKKRRQRRRPPQ
2064,GRWKRWRKKWKKLWKKLS
3930,FEVLPNFKHIQVKVFNHGEHIHHH
3626,RRKRPRPPRLPRPRPR
1690,VNFKLLSHSLLVTLASHL
4094,KVVKQWPIGKVVKKVVKKVVK
1247,QDKPPYLPRPRPPRRIYNR
1985,GIRRILRYGRRS
294,GLLGKLLKIAAKVGKKLL
1547,YTSLIHSLIEEIQNQQEKNEQELLELDKWASLWNWF
2012,GMWSKIKNAGKAAAKAAAKAAGKAALDAVSEAI
588,KWKLFKKIGIGAVLKVLTTG
2403,GNNKPVYIPQPRPPRPRL
2129,KWKLFKKLKVLTTGL
3804,KKLFKKILRYL
4417,PDPGQPWQVKAGRPPCYSIPCRKHDECRVGSCSRCNNGLWGDRTCR
3948,GFKRIVQRIADFLRNLV
425,RGGRLCYCRRRFCVCVGR
2582,GNNRPVYIPQPRPPRPRL
1054,IISTIGKLVKWIIKTVNKFTKK
3221,FLPLLASLFSRLL
4114,KWKLFKKIGIGAVLKVLT
556,FAPLIGRVLSGIL
3751,GIGGALLNVGKVALKGLAKGLAEHFAN
3199,SPGRPRPFPGRPKPIFRPR
4253,FLPIVKKVLKGLF
3454,ILPWAWPWWPWRR
4251,KKFGKAFVKILK
3357,KRKILILIKRK
1193,RWKIAKKIEKVGRNVRDGIIKA
1716,VAIALKAAHYATHKE
2604,KYYSRVRGGRSAVLSSLPK
4319,KRKKHRCAVYNNGLPTGLYRWC
2828,ADKPPYLPRPRPPRRIYNR
1704,KNLRRIIRKGIHIIKKYG
2618,RWFRIQLQIRRWRNRR
2400,GKLWLKGGKLWLKGGKLWLKG
2139,ALWKSILKNVGKAAGKAVLNAVTDMVNQ
2383,RKHGFLNLQGIFGDYYHFWHRGV
3418,IWSFLIKAATKLLGVGSLFGGGKKDS
1285,RLWLAIKRR
3084,RKKKFKIFKRLF
3121,GLRKRLRKFRNKIKEKLKKIIQKIQGLLPKLAPRTDY
3964,FLKALFKALSKLL
2087,SNVYRPPPYRPVYRPLRRPGYRP
1889,GIGKFLHSAKKFAKAFVAEIMNS
1591,NGVQPKYKWWKWWKKWW
1346,GFAWNVAVYRNGVRVAHRRAN
3902,GIWKTIKSMGKVFAGAILQNL
2162,FLPILASLAAKFGPKLFSLVTKKS
2396,KVFKRLEKLFSKIQNDK
3115,RLLRRLLRRLLRLQKKGI
2271,FLGALWNVAKSVF
3997,RKAWFW
1137,PFFWRIRIRR
3163,GSTSFHLIYNKWFAVKRRRKR
972,KWWWRW
795,SNGPVKKWGSIKGLK
1711,FKRLKKLISWIKRKRQQ
36,RWRLLLLKRH
453,FAKLLAKALKKLL
913,GLWSKIKKAAKTAGKAALGFVNKMV
3316,KRKKHRCRVYNNGLPTGLWRWC
1199,LRFLKKALKKLF
1274,GKKLFKKILKYLAGPAKKLFKKILKYLKDEL
2375,FFPIVKKILSGLF
37,LKKISQRYQKFALPQYLKTVYQHQKAMKPWIQPKTKVIPYVRYL
974,FSKYERQKDKRPYSERKNQYTGPQFLYPPERIPPQKVIKWNEEGLPIYEIPGEGGHAEPAAA
983,GWGSFFKKAAHVAKHVGKAALTHYL
3307,KKALLHLALALLALHAHALALHLKKA
1418,IDWLKLGKMVMDVL
1560,LLRRLLRRLLRRLLRR
39,CALKLTKAKRLVRKIGF
1486,RPRPNYRPRPIYRP
3155,RRRWWWF
169,FVPWFSKFLPRIL
1355,KWKLFKKVLKVLTTG
3773,SWLSKTYKKLENSAKKRISEGIAIAIQGGPR
4025,YTSLIHSLIEEPQNQQEKNEQELLELDKWASLWNWF
4339,IGKKFKRIVQRIKKFLRKL
3250,VDKPPYKPRPRPPRRIYNR
2682,MMRVMRRKTKVIWEKKDFIGLYSID
3268,KWKKLLKKPLLKK
1640,TIAMRAINNYRWRSKNQNTFLR
1290,PFKISIHL
1380,MDSFQKIEKIGEGTYGVVYKAKDKVSGRLVALKKIRLENESEGVPSTA
1933,HWRRFWHR
579,WRWLRRIW
3503,RRLIRLWLRLLR
2030,SIGSALKKALPVAKKIGKIALPIAKAALPVAAGLVG
892,GLLSGTSVRGSI
780,IIPLPLGYFAKKT
159,SAVGRHLRRFLLRKHRKH
2,GSCNYVFPAHKCICYFP
3400,AIGSILGALAKGLPTLRSWIKNR
4086,EAPAEDLARYYSALRHYINLITRQRY
849,TVIRRRGGARASRSPRRRTPSPRRRRSQSPRRRRSQSPSANC
2737,ALWKTLLKKVLKAAAK
2466,RWRRPIRRRPIRPPFYR
4248,EKAILSALKLLRLAL
1596,RQYMRQIEQALRYGYRISRR
1776,KWYKKWYKKWYKKWYK
1913,FLGALFHALSKLL
1043,VRKPPYLPRPRWPRRIYNR
1544,GIKIAKKAITIAKKIAKIYW
2736,LNWGAILKHIIK
3014,VWRKWRRFWKR
53,KWKVFKKIEKMGRNIRNGIVKAGPAIAVLGEAKAL
1796,FFHLHFHY
1911,RRFPFFPFKFPLI
3519,RRIKPRPPRLPRPRPK
2553,GIGAVLKVLTTGLPALIKRKRQQ
2800,VDKKHYKPRPRPPRRIYNR
3320,KRKILILIKRKRK
3367,GRSPRRRTPSPRRRRSQSPRRRRS
824,RLWKRWWIR
4271,GLFTLIKGAYKLDAPTVACN
1389,FIGGLRRLFATVVGTVVCAINKLGGG
4060,KLLKHKLLVTLA
4502,GLFGVLAKVAAHVVAAIAEHF
1607,VYPKTKTYFPHFDLHHGSAQVRTHGKKVLNALG
1594,ALKSLLATLSKAAKKALKTLLAALSK
771,AKKVFKRLGIGKFLHSAKKF
2611,GMASKAGAIAGKIAKVAWKALGGS
2273,RRFRIVVIRWLR
1868,FLPIIAKLLGGLL
1085,LNWGAVLKHVVK
3380,FFPWVKKLLKGLF
1325,FLRSLLRGAKAIYRGARAGWRG
1463,WRGALKLLFYAT
806,GMASKAGAIAGKIAKVAWKAL
3036,RYPAVGYT
3066,FLFKLIPKVIKGLVKAIRK
2108,GFWGKLFKLGLHGIGLLHLHL
3524,RGRGKQGGKVRAKAKTRSS
4464,GIMSSLMKKLAAHIAK
2234,WGLRRLLKYGKRS
963,KFWSLLKKALRLWANVL
3358,FFPIVKKLLKLLF
398,FLGVVFKLASKVVPAVFGKV
2632,RKKRKKLLKRLI
4374,IFPIVKKLLSGLF
704,KLKLLLKLGLKLL
431,KRKKWFW
292,GFWGSLWEGVKSVV
4387,RLLRKFFRKLKKSV
145,AIQRCC
3564,QVFTLIKGATQLIRKTLGEQ
2033,WRKWRKRWWWRKWRKRWW
3488,AGLQFPVGRVHRLLRK
1165,GYNYAKKLANLAKKFANALW
2050,AKRHHGLNCAKGVLA
2624,FLFKLIPKAIKGLLKAFK
3792,KKLFKKILKYLGIGAVLKVLTTGLKDEL
339,FWKGLVKAAFKIVHAGS
2991,MQTFQDILGKVIEVIKAIVDAK
265,KRKKLLKRLI
2424,VQLRIRVCVIRK
3855,ARNFGKEFTPV
1771,VKSWIRKLVHR
271,GFGSFLGSLFKTGLKIIPKLLPSIQQ
696,RRWWCG
747,LGGDNYGTFSGSNGNNFQHGSN
244,RRWWCA
317,KRKLIFLAAFLAALALFKKR
476,KRFIKWYKAWNKKWRKY
2032,GLLGLLGSVVSHVLPAITQHL
957,FLGALFKWASK
3102,IKKIVSKIKKLL
813,GLFDIIKKVASVVGGL
1914,RRIRPRPPRLPRPRPRPLPFPRP
4151,AKKVFKRLEKLFSKIWNWK
1297,INWLAIAAKVAGML
1804,FFHHIFRAIVHVPKTIHRLVTG
3574,GLLSNVAGLLKQFAKGGVNAVLNPK
250,INIINAPLQGFKIA
2461,KRFKKFFRKLKKSVKKRKKEFKKKPRVIGVSIPF
545,SWLRDLWDWICEVLSDFK
738,LKKLYKRLFKLWKRLYRYLKKPVR
310,GWWRRTVDKVRNAGRKVAGFASKACGALGH
2941,GLRKRLRKFRNKIKEKLKKIGQKIQGLLPKCAPRTDY
1131,RPHGAGEGIDRVPAGPSPSEVGLAIPSGK
1449,MHHHHHHAIPKCCVGTSRNIPLSILMRVERYDVQHNHGACEIDAVVLHANGRKYCADPRVKKVLGVAMQIRKAQLMREKLNSIMRR
4432,HPLKQYWWRPSI
15,GFLSILKKVLGKVMAHMK
2769,KVFLGLK
920,VRKPPYLPRPRWPRRFYNR
3911,GLRKRLRKFRNKIKEKHKKIGQKIQGLLPKLAPRTDY
2544,RIRGGRAAVLNALGKEEQIGRASNSGRKCARKKK
3982,GLLKAIKTLL
363,RFRRPIRRRPIRPPFYP
182,GDFFRKSKEKIGKEFKRIVQRIKDFLRNLVPRTES
2983,ILKKWPWWPWRRK
1194,CWSCMGHSCWSCMGHSCWSCAGHSCWSCMGHSCWSCMGHSCWSCAGHCCGSCWHGGM
2852,FLGLIFHGLVHAGKLIHGLIHRNRG
3061,GKVWDWIKSAAKKIWSSEPVSQLKGQVLNAAKNYVAEKIGATPT
1121,LFWKLLLKALRLWAKVL
2235,GRFKRFRKKFKKLFKKLSPVIPLLHL
2667,RRRRRRRRR
1182,HFLGTLVNLAKKIL
3629,ALKLLKKLL
614,GLRKRLRKFRNKIKEKLKKIGQKIQGLLPKLAPRHDY
1466,AKLWLKAAKLWLKA
401,FLPAIGRVLSGIL
934,RSARAGLQFPVGRIHRHLK
2419,HLLKRVQRELIRWLDWLK
3271,RRIRPRRPRLPRPRPR
2641,KWKIFKKIEKVGRNIRNGIIKAGPAVAVLGEAKAL
3262,TKCFQWQRNMRKVR
726,GKLWLKGGKLWLKGGKLWLKGGKLWLKG
826,GRFRRLRKKTRKRLKKIGKVLKWIPPIVGSIPLGCG
1521,IKKIWSKIKKLWK
4280,YTSLIHSLIEEMQNQQEKNEQELLELDKWASLWNWF
3875,GLFSKFAGKGIKNFLNKGVKHIGKE
136,FIHHIIGALGHLF
628,FLPIVGKLLSGLL
334,KKKVVVVVKKK
390,FAKKLAKKLKKLAKKLAK
3802,TWLPAVIKIQAHWRGYRQRKIYL
1817,GIGGKILGGLRTALKGAAKELAATYLH
400,YQCGQGG
710,FLGALWNVAKKVF
1039,FLGWLFKWASK
3240,VDKPPYLPRPRRPRRIYNR
46,KKFPWWWPFKK
1561,KRLRRVWRRWR
4326,FLSLIPHIVSGVAALAKHLG
4367,ILGKLLSTAWGLLSNL
1112,RLARIVVIRVRR
2513,MWSKILGHLIR
1223,DAHKLAKLAKKLAKLAK
3298,ALWKEVLKNAGKAALNEINNLVQ
3023,GIGKFIHSVKKWGKTFIGEIMNS
2421,INWKKWWQVFYTVV
1508,VDKPGYLPRPRPPRRIYNR
1750,GILDPIKAFAKAAG
4246,KWKLFKKIPKFLHLA
1799,GLGSLLGKAFKFGLKTVGKMMGGAPREQ
338,GIGKHVGKALKGLKGLLKGLGES
215,FVPWFSKFLWRIL
1341,FIITGLVRGLTKLF
11,INWLKLGKKILGAL
1520,RIKRFWPVVIRTVVAGYNLYRAIKK
3198,YLARAIRRTLARLLL
3182,LRRLWKRLVKILKRWFRYLRRPVR
3004,LQKYYWRVRGGRWAVLSWLPKEEQIGKWSTRGRKWWRRKK
2864,KWKLFKKIGIGAVLKVLTTGLPALIS
3339,RWKVFKKIEKMGRNIRDGIVKAGPAIEVLGSAKALGK
2322,MGAIIKAGAKIVGKGVLGGGASWLGWNVGEKIWK
2571,GEKLKKIGKKIKNFFQKL
2913,IKLSKKTKDNLKKVLKGAIKGAIAVAKMV
101,KRRKLAFRAFRFALKAVLKK
3544,ALYLAIRRR
171,KAAAAKKSPKKPKKPAAAKK
107,KKKKKALFLKLWAAFLA
3477,ILPWKWPWWPWRA
4496,KWKKLLKKLLKLLKKLLKKLK
3631,GFIFHIIKGLFHAGK
4023,HLNKRVQRLLIRWLDWLK
3139,RWRWRWFGGGIKQLLHFFQWRF
3361,GVARIRDLLIIESRI
3308,GIHRILKYGKPS
3711,GLKKIFKKGLGSLVKGIAAHVAS
3849,GFFKKAWRKVKHAGRRVLDTAKGVGRHYVNNWLNRYR
4182,GIMSSLMKKLKAHIAK
1040,GFFDRIKALTKNVTLELLNTITGKLPVTPP
3459,FLGELWNVAKSVF
2760,IKLSPKTKKNLKKVLKGAIKGAIAVAKMV
2120,ILPWKWPWW
1524,KWKKFKKIGAVLKKL
153,ALLKTMLKKLGTMAL
2248,LWKAAAKAAAKWL
481,IARRALKKAKRAAHKIPACKKFGRR
3520,GLNALKKVFQKIHEAIKLINNHVQ
3656,KWKLFKKIGIGKFLKKK
3365,APKAMRLLRRLLRLQKKGI
1762,FFKKFWGGVKAIFKGARKGWK
4031,GWASSIGSILGKFAKGGAQAFLQPK
1785,WKRIVRRIWRWLR
3428,VKRFKKFFRKLKKS
3382,GLRKRLRKFRNKIKEK
405,GLFGKLIKKFLRKAISYAVKKARGKH
757,FALLGDFFRKSKEKIGKEFKRIVQRIKDFLRNLVPRTES
2711,FFPLVLGALGSILPKIF
2670,KWKLFKKIFKRIVQRIKDFLR
3235,GIINTLQKYYYRVRGGRYAVLSYLPKEEQIGKYSTRGRKYYRRKK
97,NLWAGILKHIIK
1333,DHYICAKKGGTCNFSPCPLFNRIEGTCYSGKAKCCIR
3936,FKCWRWQWRWKKLGA
2791,VWRRWRRFW
2854,CVKGGKKYKRQGKGHRMRRYRNNH
186,LKWLKKWLK
3900,KWWKKWWKWWKKWWKK
3905,LLCKALRKI
2058,KWLNALLHHGLNCAKGVLA
3483,SLLPLIRKLIT
148,KKLFKKILKYLKFLHSAKKDEL
28,FFFHIVKGLFHAGRMIHGLV
4490,FLKVVFKLASKVFGAVFGKV
4350,KRLFKELKFSLRKY
692,KWKWKWKW
2866,RKILILIKRK
1386,FLSSIGKILGNLL
1845,VDKPPYLPRPRPPRHIYNR
4269,AKKVFKRLEKLFSKIQN
3482,FIFHIIKGLFHA
1599,SKTKRRSLLKRLGDGIRGFWNGFRGRK
3710,VRKPPYLPRPRPPRRIYNRG
701,INWLKAKKVAGMIL
3028,FLPKLFAGIISKNF
2969,WFWKWWRRRRR
1708,KWKVLKKKIMKMLRNRINGLVKAGPALKVKLQALAL
2953,GKWMSLLKHWLK
454,LLIILRRRWRRQARARSR
2868,MPVGIVIAPKKSPFTAKKPGPVLSGVKAGPG
2040,GANAAKKFANLIKKIFNYIW
3463,LRCIALRKK
2315,KWKSFLKTFKSLKKTVLHTLLKLISS
609,KFFRKLAKSVKKAAKEFFKKPRVIGVSIPF
167,LHCIALRKK
730,SWLRDIWDWACEVLSDFK
3558,KWKSFLKTFKSAKKTELHTALKAISS
2074,LVQRGRFGRFLRKIR
3866,GSLHGFMYKYLKNMVLTLF
1622,FLRALWNVAKSVF
587,IFPIVKKLLNGLF
1401,FALALKALKKALKKLKKALKKAL
3045,FYPRPYRPPYLPDPRPFPRPLPAFGHEFRRH
1700,GSKRWRKFEKRVKKVFEHTKEALPVIQGVATVVGAVGRR
3088,RFRWPIRRPPIRPPFYP
3608,GLPRKILCAIAKKKGKCKGPLKLVCKC
2981,GLKALKKVFKGIHKAIKLINKHVQ
3896,IIGPVLGMVGSALGGLLKKI
1379,GLRSRIWLWVLLMIWQESNRFKRM
2089,KKIGQKIKNFFQKL
2175,RWKRIVVIRKRR
3701,GLSLLLSLLLGKL
4423,LLKKPLLKKLLKKL
4228,GIIAGIIIAIKK
2657,RIIRKIIHIIK
4011,WKWKWKWKWKPGKWKWKWKWKW
441,LKRLYKRVFRLLKRYYRQLRRPVR
3290,FLFKLIPKAIKGLVKAIRK
2051,PKILNKILGKILRLAAAFK
2541,ALASLLKTLSKAKKKKLKTLLKALSA
1301,TFFRLFNRSFTQALGKGGGKNLRIIRKGIHIIKKY
1781,SWASMAKKLKEYMEKLKQRA
1304,VDKPPYLPRPRPPRRIYNA
236,RFRPPIRRPPIRPPFRPPFRPPVRPPIRPPFRPPFRPPIGPFP
2599,FFHHIFRAIVHVAKTIHRLVTG
520,AKKVFKRLEKLFSKI
2573,GWLKKIGKKIERVGQHTRDATIQVLGVAQQAANVAATARG
2768,FFRNLWKGAKAAFRAGHAAWRA
735,AIHNLAHKLLKKLTRAVKKLAN
4244,RKFRKILHRARKWI
2106,FLGALFKKASK
2679,VWPLVIRTVIAGYNLYRAIKKK
2761,HKVVFKVKFH
592,FALLGDFFRKSKEKIGKEFKRIVKRIKDFFRNLVPRTES
1303,RSGTDFKLTISKLQK
1387,HCLAIGRR
4236,PNRESQFYKILRKILSKIV
3878,KNLRRIIRKIIHIIKKYGPTILRIIRIIG
3670,KKKKKKAAFAAWAAFAA
2987,GKWWSLLKHILK
4435,KKIGKKIERVGQHTRDATIQTIAVAQQAANVAATLKG
904,GLFKKLRRKIKKGFKKIFKRLPPIGVGVSIPLAGKR
4157,IKLLCRVHKK
1279,RAGLQFPVGKLLKKLLKRLKR
3954,VDKRPYLPRRRPPRRIYNR
4416,AAHCLAMRRK
2308,GLNALKKVFQGIHKAIKKINNHVQ
3934,SPKKTKPVKPKKVA
4230,KRFKKFFKKLKNSVKKRAKKFFKKPKVIGVTFPF
3920,FLPIVGKLLSGLSGLS
706,WLKGLIKFIR
4231,FFFHIIKGLFHAGRMIHGLVNRRRHRH
3070,KKLFKKILKYLTTGLPALISW
745,VDKRHYLPRRRPPRRIYNR
1939,GKWKKILGHLIR
3834,IKQLLHFFQRFGGGRWRWRWF
2862,GLPALISWIKRKR
3244,KLSLLLSLGLKLL
513,MAFKKLEKVGRNIRDGIIKAGPAVAVIGQATSIARPTGK
81,RKKWFW
4483,GIHDILKYAKPS
1308,FFAAIFRPIVHVGKTIHRLVTG
4100,FLPKTLRKFFARIRGGRAAVLNA
914,INWLAIAKKVAGML
4331,GLFDIVKKVVGALGSL
3821,GLLSSLLLLGKLL
2198,HNKQEGRDHDKSKGHFHRVVIHHKGGKAH
774,RKIRPRPPRLPRPRPR
329,KKLFKKILKYLGIGKFLHSAKKDEL
2054,LRKAKKIAKKLF
2001,ILPWKWKWWPWRR
943,RGLRRLGKKIAHGVKKYGPTVLRIIRIAG
822,RRKKWFW
4287,VTLASHLPSDFTPAVHASLDKFLANVS
909,FKLLSHSLLVTLASHLP
2516,GKLNLFLSRLEILKLFVGAL
181,AAGKWKLFKKLPKFHLHLAKKF
164,LKRVWKRVFKLLKRYWRQLKKPVR
1523,RLWRIVVIRVWR
451,FKHHIFRGIKHVGKTIHRLVTG
2538,ILGKFWEGIKSLF
3340,SKVGRHLRRFGHRAHRKL
4305,KYYGNGVTCGKHSCSVDWGKATTCIINNGAMAWATGGHQGNHKC
1311,FIHHIIGWISHGVRAIHRAIHG
3820,WLNAKRHHGYKRKFH
1111,AKKPFVQRVKNAASKAYNKLKGLAMQSQYG
4099,AAKAWLKLWAKAA
1287,SPIHARYQRGVIPGPRWPYYRVGSGSGLKSVRNRWA
3726,RAGLKFPVGRVHRLLR
3975,GRWRWWWRWRF
4275,FWPVVIRTVVAGYNLYRAIKKK
4108,KAKLFKKIPKFLHLWKKF
3125,KLIPIASKTCPAGKNLCYKI
327,YYHFWHRGVTKRSLSPHRPR
1790,GLRKRLRKFRNKIKEKLKKIGQKIQGLLPKLAPRTDY
2490,ILPWKWKFFPWRR
2006,KLLKRIKKLL
2007,KKLFKKILKYLTTGLPALISAGPASILAPLGTTLYKLIKKFLKKKDEL
1858,GIWKTIKSMGKVFAGKILQNL
4227,GFALAGLARILCLWFREFSGFFRRLNRRFAMRRR
312,KWKLFKKIGAVLKVLTTG
832,KRKRAVKRVGRRLKKKLARKIARLGVAF
3079,QKALNEINQF
1201,LVIRWVRAGYKLYRAIKKK
3809,RRWWCY
4399,SWLRDIWDWGCEVLSDFK
2134,GIGAVLKVATTGLPAAISWIKRKRQQ
2209,FIFHIIKGLF
3818,RLLRIVVIRVLR
1481,RWRRLLKKLHHLLHGGGIKQLLHFFQRF
777,GIGAVLKVLTTGAPALISWIKRKRQQ
799,RGGRLTYTRPRFTVTVGR
54,KFHHIFRGIKHVGKTIHRLVTG
2972,RKKKLKIIKRLI
1920,GLWQKIKQAAGDLASGIVEGIKS
4402,LRKFRNKIKEKLKKIGQKIQG
3760,GFGMALKLLKKVL
1701,GLRKRLRKFRNKIKEKLPKIGQKIQGLLPKLAPRTDY
2161,KWKLWKKIEKWGQGIGAVLKWLTTWL
1136,RPAWRKAAFRVMRACV
987,WWWWRRRRRRRR
3892,LLLFLLKKRKKRKY
3549,VDKRPYRPRPRPPRRIYNR
3057,YVSGKARGWFYRHHY
3246,VDKPSYLPRPRPPRRIYNR
1394,FIPIVKKLLSGLF
2637,KILRGVSKKIMRTFLRRISKDILTGKK
768,IGKLVKWIIKTVNKFTKK
4243,GILSSLLKKLKKIIAK
4101,GLLKFIKKLL
3215,FLSLLPSIVSGAVSLAKKL
285,TASQAEWFKARRWQWRMKKLGA
4446,KIAGKIAKIAGKIAKIAGKIAKIAGK
428,HFLKTLVNLAKKIL
2332,FFFLRRIF
2717,VLLVTLTRLHQRGVIYRKWRHFSGRKYR
2079,GSKKPVPIIYCNRRTGKCQRM
722,AVVKVPLKKFKSIRETMKEKGLLEDF
951,DKPKKKPPPPAGPPPPPPPPPG
4095,KKKVVFKVKFK
2262,TISQPEWFKARRWQWRMKKLGA
989,KGRGKQGGKVRAKAKTR
3212,FWRRWQWRRRWF
1759,KKKKWKLFKKIGIGKFL
3341,FWQKMSFA
326,RVVRVVRRVVRRVRRVVRRVVRVVRRVVRRVRRVVRRVVRVVRRVVRR
2608,VDKPPWLPRPRPPRRIYNR
1383,FKRIVQRIKDFLR
1724,GLRKRLRKFRNKIKEKLKKIGQKIQGLLPKLAPRTDD
1086,ILGPVLGLVSRTLRRVLGIL
3972,SLLSLIRLLIT
341,KWKLFKKIPLKKF
147,VRLIVAVRIWRR
3846,GWLKKLGKKIERVGQHTRDATIQTIGVAQQAVNVAATLKG
1107,GSGSGSGSLKKIFKKPMVIGVTIPF
848,RGARIVVIRVAR
966,RKRFARFAKRAV
4267,VIHGLFDVIKKVASVIGGL
4053,GLLKWIKTLL
2203,SGRGKTGGKARAKAKTRSSRAGLQFPVGRVHRLLRKGNYAHRVGAGAPVYL
3655,FLSGIVGMLAKLF
661,RPAWLKAAFRVMRACV
1002,KNNRPVYIPKPRPPHPRL
3850,FAKLLKKLL
284,YRMWRWAWRWR
4204,LVIRTVIAGYNLYRAIKKK
4247,FLSLIPKAISAVSALANHF
1879,KKKKKKKKKKGIGKLFLHAAKKFAKAFVAEKMNS
4377,LLGMIPLAISAISALSKL
1203,VDKRPRKPRPRPPRRIYNR
1990,KKLALKALKLWLLALKKLALLALKK
24,FLWALFKVASK
4375,ILGKLLKTAAKLLSNL
3336,SKKLFKKILKYLAGPAGIGKFLHSAK
3434,FLPWFSKFLGRIL
3790,GLLSVLGSVAKHVLPHVVPVIAEKL
875,TPAEDLARYYSALRHYINLITRQRY
4279,MADFIAKIVEIVKGLIDQFTQK
938,RRWHWHWPGWHWHWRR
2687,LLGDFFRKAKEKIGKEFKRIVQRIKDFLRNLVPRTES
2394,GYGGHGGHGGHGGHGGHGGHGHGGGGHG
4119,WGIRDILKYGKPS
4487,GSHLVEKLYLVKERK
3364,QRFSQPTFKLPQGRLTLSRKF
385,FLGALWKVAKSVF
3779,GLLKFIKWLL
4121,GWWRRAVAKVRK
3623,VQWRIRIAVIRK
2291,VDKRHRLPRPRPPRRIYNR
3451,RWRWRWFASASARWRWRWF
936,GFGSLLGKALKIGTNLL
4187,ALWKNMLKGIGKLAGK
2360,VDKKPRRPRPRPPRRIYNR
201,FLSIIAKVLGSLF
3208,FKFFKKFFKKWK
1332,GVWSTILGGLKKFAKGGLDAIVNPK
3016,GLFGVLAKVAAHVVPAIAEHF
2708,FIHHIIGGLFHVGKSIHDLIR
1934,GIINTLQKYYSRVRGGR
935,NLASLRARHTIPQRKFGRR
2418,SWKSMAKKLKEYMEKLKQRA
566,YKLLKLLLPKLKGLLPKL
1854,GIIRGIIKIIKR
3966,MADVIAKFFEIVKGLIDQFTQK
2872,FLKLLAKLL
3030,VDNANDLLSKVKKDKSD
3988,TRSSRAGLQFPVGRVHRLLRK
2467,KKPWWKPWWPKWKK
1645,GYFPGRPPFPRPFPRPPSRPFPRPPFPGPFPRPYPWR
3504,RWRWNRRTGRWRWY
2861,FFPIVGKLLRKLF
1792,FFHHIKRGIKHVGKTIHRLVTG
1430,FLPLIGRVLSGIL
2826,KRFIKWYNAWNEKRRVY
3100,AKKPVAKKAAGGVKKPKK
3816,GPVGLLSSPGSLPPVGGAP
1013,LKWLKKLLKKL
1928,TKPTLLGLPLGAGPAAGPGKR
3705,LQFPVGRVHRLLRK
3056,ARRARKWARRALKLA
3754,RLCRIVVIRVCR
126,GFMKYIKPLIPHAVKAISKLI
3458,YKRWKKWRSKAKKIL
2935,GWWRRTVAKVRK
3204,WRWWRRWWRR
1347,WSGIRGYKGGYKGLFKQTNY
3055,WLGKIWEGIKSLF
355,YTSLIHSLIEERQNQQEKNEQELLELDKWASLWNWF
4200,GKLQAFLAKMKEIAAQTL
2730,AAHCLAIGRK
827,KGIRGYKGGYKGAFKQTKY
1639,KRLFKELLFSLRKY
3040,YGFYTHVFRLKKWMQKVIDRFGG
984,WLGSALKIGAKLLPSVVGLFKKKKQ
3281,VTCDLLSFKGQVNDSACAANCLSLGKAGGHCEKGVCICRKTSFKDLWDKRF
4478,ALWDTLLKKVLKAAAKAALDAVLVGANA
2188,GLWSKIKEAAKTAGLMAMGFVNDMV
4160,GLLSLLSLLGKLL
2443,GLLKWIKKLL
362,IRIRIRPIRIRIRP
2349,RRRFWWFRRR
345,GRWRWWWRWRW
3403,RRIRKRPPRLPRPRPR
4156,GFFALIPKIISSPLFKTLLSAVGSALSSSGEQE
711,FLSLIPKIISAISALINHF
3205,KRWWKWWRR
4366,ISDYSIAMDKIRQQDFVNWLLAQKGKKSDWKHNITQ
4322,FLPKLFAKITKKNMAHIR
3409,FLSLIPHIVSGVASLAKHF
3325,SKFFRKARKKLGKGLQKIKNVLRKY
10,RWKIFKKAAKKA
3973,KWFKVYKGIYKKK
2116,VTNVGGKVVTGKTAK
4272,DPQTDCQQCQRRCRQQESGPRQQQYCQRRCKEICEEEEEYN
1834,GLFKVLGSVAKHLLPHVVPVIAEKL
793,WFKKIPKFLHLLKKF
3363,RRRLCPIVIRVCRR
4454,GKPRPYSPRPSSHPRPIRV
2802,IWRIFRRIF
2674,GRFRRLRKKTRKRLKKIGKVLKWIWWIVGSIPLGCG
94,GKWMTLLKHILK
129,KWYKKWYKKWYK
2891,AIGHCLGATL
2371,GRWRWWWRWRV
3686,IIKVPLKKFKSMREVMRDHGIKAPVVDPATKY
4338,FLPIVKKLLRKLF
3332,KLLKFIKTLL
3228,GILGKLWEGFKSIV
4431,AILRKATRRLVKLIV
4055,ASITHVKNRGKYIYMHLKFRKTNVLI
2263,GTVRRFPWWWPFLRR
1900,KWKEFIKKLTTAVKKVLTTGLPALIS
3611,RWRWWWRWR
3945,KRFKKFFKKLKKFVKKGFKKFAKV
3230,ILGTILGLLKGL
1932,GFRKIVQKIRDFLRNLV
3640,VRRRRRPR
3538,KWFKKIPKFLHLAKKF
2912,RQIRIWFQNRRMRWRR
1865,KRKKHRCRVYNNGLPTGLYRAC
1658,KKVADKVLLLKQLRIMRL
516,KWKWKWKWKW
1857,DTFDYKKFGYRYDSLELEGR
2645,RLWLAIWRR
2243,KKWWRRALQGLKTAGPAIQSVLNK
1277,ILPWKWPWWPWR
2336,KKFGGGKTERARKAMAVE
950,RRWWCL
3828,RHHYESPHPRISSEV
3068,ARKKWFW
1120,INLKAIAALAKKLF
2597,LRRLWLRANRLLRRLWLRANRL
2204,VRRFPWWAPFLRR
419,GIMSSLMKKLKKHIAK
922,RWGKWFKKATHVGKHVGKAALTAYL
3628,RRRTPSPRRRRSQSPRRRRS
477,GEGFLGMLLHGVGHAIHGLIHGK
2035,RVKRVWPLVIRTVIAGYNL
3590,RRRRRRRWWWRRRRRRRR
1692,RKRLRKFRNKIKEKLKKIGQKI
3648,YRAWRWAWRWR
4299,FLPVIAGLLSKLF
1471,GVLDILKGAAKDLAGHVATKVI
2601,GLFTLIKGAYKNDAPTVACN
1202,INWKKLLDAAKQIL
2438,KCFQWQRNMRKVR
2626,VQWRAIRVRVIR
1669,FRVTWRTKWWKG
4345,KKLLKWLLKLL
1970,YSWPRMPRIPRLPRYPRYPRYPRWPRWPRQPTIYA
3110,VRRVVRRVVRVVRRVVRRVRRVVRRVVRVVRRVVRR
2151,KRKKHRCRVYNNGLPTGAYRWC
820,RAGLQFPVGGIGKFLHSAKKFGK
1997,GKWSKILGHLIR
4409,CFQWQRAMRKVR
3054,FLKPLFNAALKLLP
1248,VDKGSYKPRPTPPKPIYNRN
3622,VAPIAKYLATALAKWALKQGFAKLKS
2712,GIGAVLKVLTTGLPALISWIKRKRQQ
992,FLGALFKVVSKLL
2190,KRLFRRWQWRMKKY
4208,AKRHHGYKRKFHAKRHHGYKRKFHAKRHHGYKRKFH
1046,SWLSKTAKKLENSAKKRISEGIAIAIQGGPR
1888,GIGAVLGVLTTGLPALISWIKRKRQQ
2469,GKWQSLLKHILK
2847,GLNTLKKVIQGLHEVIKLVNNHA
615,GLWNSIKIAGKKLFVNVLDKIRSKVAGGS
1318,GNNRPVYIPQPRPPHPRPIRV
1863,RFRRLRWRTRWRLRRI
2343,KKLFKKILKVL
2449,AARRILRWIFR
2136,GLRKRLRKFRNKIKEKLKKIGQKIQGPLPKLAPRTDY
4044,GLLSLLSLAGKLL
1772,LFGSVKAWFKGAKKGFQDYRYQKDMAKMNKRYGPNWQQRGGQEPPADAQANDQPP
4468,RLARIVVIRWAR
131,KWKSFLKTFKSPARTVLHTALKPISS
3551,ILKKLLKGVKSI
77,ALKSLLKTLSAAKKKKLATLLKALSK
3450,RVVRVVRRWVRRVRRVWRRVVRVVRRWVRRVRRWVRRVVRVVRRWVRR
2898,FLPLLAGLAANFLPKIFCKITRKC
2052,ALWKTMLKKAAHVGKHVGKAALGAAARRRK
4010,VTCDLLSFKGQVNDSACAANCLSLGKAGGHCEKGVCICRK
724,RWRWWWRWRI
1314,WIQAKTKVIAYVRYL
4209,KKLFKKILKYLAGPATTGLPALISW
1851,RRWQWRLCYCRRRFCVCVG
2317,GFKRIVQKIRDFLRNLV
3782,SGRGKQGGKVRAKAKTRSSRAGLQFPVGRVHRLLRKGNY
4311,LGQGVSIE
1372,RWRRPIRRPPIRPPFYP
1855,TRRRLFNRSFTQALGKSGGGFKKFWKWFRRF
2965,FLSHIAGFLSNLF
3598,GLFAVIKKVASVIKKL
1319,LKLLGIVKKVLGAI
2560,VNFKKLLGKLLKVVK
4413,GFMSKVANFAKKFAKGGVNAIMNQK
4030,FIGKLISAASGLLSHL
3575,GIGGALLSAGKAALKGLAKGLAEHFAN
375,GRPNPVNNKPTPHPRPIRV
1908,VDKPPYLPRIRPPRRIYNR
333,INLKKLAARIKKKI
3712,GIGGALLSFGKSALKGLAKGLAEHF
3793,GLFGVLAKVAAHVVPAIAKHF
2365,WLWKAIWKLLT
1604,GWWRRTVAKARK
1118,RQRVEELSKFSKKGAAARRRK
3490,RRWRRWRRWRR
4384,GLRKRLRKFRNKIKEKCKKIGQKIQGLLPKLAPRTDY
1943,LLRHVVKILEKYL
2958,KKKPRPPYLPRPRPP
3727,LRFLRRILRRLL
4463,FLQHIIGALGKLF
3744,ILPWKWPWWKWRR
2376,PRPPHPPRPPHPPRPPHPRL
4364,GLFDVIKKVAAVIGGL
1342,FWGHIWNAVKRVGANALHGAVTGALS
320,DLIWKLLSKAQEKFGKNKSK
1619,RWRSFFKKAAHRGKHVGKRARTHYL
4019,VDKRPRRPRPRPPRRIYNR
2060,AKRLKKLAKKIWKWK
2945,RIIRPIIQIIKQKIR
2219,ILPWKKPKKPKRR
1673,RLYRRRFVVGR
1942,LLLLLKKKKKKLLLL
260,GIGKWLHSAKKFGKAFVGEIMNS
3869,KFGYRYDSLELEGRSISRIDELIQQR
2039,KKIRPRPPRLPRPRPRPLPYPRP
689,RGLRRLGRKIAHGVKKYGPTVLRIIRIAGGGGGSC
901,VDKAPYLPRPRPPRRIYNR
2306,RKLRRLKRKIAHKVKKY
2026,KWKLFKKIRFGRFLRKIRRFRPK
2892,FLSGIVGMLGKLF
138,GLRKRLRKFRNKIKEKLKKILQKIQGLLPKLAPRTDY
1917,VDKPNYLPRPRPPRRIYNR
1828,ALWKNMLKGIGKLAGQAALGAVKTLVGA
1573,NAPAEDLARYYSALRHYINLITRQRY
319,LRRIIRKIIHIIK
653,KRLFKKLLKFSLRKY
2137,IKIPAVVKDTLKKVAKGVLSAVAGALTQ
3817,RVKRVWKLVIRLVKALYKLYRAIKKK
558,PRPPHPPRPPHPPRPPHPPRPPHPRL
2187,RFRRPIRRPPIRPPFYR
112,RRRPRPPYLPRPRPPPFFPPRL
531,FIPGLRRLFATVVPTVVCAINKLPPG
224,SAVGRHGRRFGLRKHRKH
723,VDKRPRLPRKRPPRRIYNR
4303,KRKKHRCRVYNAGLPTGLYRWC
2883,RRIKKRPPRLPRPRPR
1141,GNPLKLFLPSTWVHFFKFLR
1433,RWYRRWYRRWYR
2373,GLFDVIKKVASVI
3833,FLPKMSTKLRVPYRRGTKDYH
3371,KLGFENFLVKALKTVMHVPTSPLL
3947,RGLRRLGRKIAHGVKKYG
1458,FFHHFARGIVHVGKTIHRLVTG
3097,FIGRAIGDFVYFGAKGLRESGKLLNYYYKHKH
1415,GWKKFFKKWKKVWK
2762,FKAFRWAWRMKKLAAPS
846,GIGGVLLSAGKAALKGLTKVLAEKYAN
193,LHRLVKLVAALLRGYASKVDTH
1464,RRLRPRRPRLPRPRPR
2621,GKILKYLLYLLRKYANLIIR
946,ILPWKWPLWPWRR
2021,RLWLAIGRR
2551,VRRFAWWWPFLRR
1629,RPFTRAQWFAIIHISPRTIAMRAINNYRWR
2928,FYTHVFRLKKWMQKVIDRFGG
117,LLPIVGNLLKSLL
645,PTTKTYFPHF
1870,ILKKIWEGIKSLF
3,RRIPFWPPNWPGPWLPPWSPPDFRIPRILRKR
74,VDKPPYLPRYRPPRRIYNR
1755,RHRHRHRH
467,KRIVQRIKDFLRNLVPRTES
3393,RRRGRSPRRRTPSPRRRRSQSPRRRRSC
5,RKSKEKIGKEFKRIVQRIKDF
1246,GWLPTFGKILRKAMQLGPKLIQPI
919,KKALAHALKKWLPALKKLAHALAKK
2595,KRKKHRCRVSNNGLPTGLYRWC
228,AKKVFKRLGIGAVLKVLTTG
1063,KWKKLLKKPLLKKLLK
2590,GEKLKKIGQKIKNFFKKL
242,GNNRPVYRPQPRPPRPRL
2946,ILPWKAPWWPWRR
3755,INWKKIFEKVKNLV
1160,GLLKVIKVLL
3838,PAWRKAFRWAWHMLHHAA
1630,RFRPPIRRPPIRPPFNPPFRPPVRP
3681,GKPYGNAYLGLRPKYSRWL
3517,VDKRPYRPRRRPPRRIYNR
2890,GSAQPYKQLHKVVNWDPYG
3421,GLLRASSKWGRKYYVDLAGCAKA
2563,AWKKTIRQYLKNEIKKKWRKAVIAW
2671,KRFKKFFKKLKNSVKKRAKKFFKKPRVIGVSIPF
1526,FQWQRNMRKVRGSRRRRG
1605,RPKPQQFFGLM
4353,FFGHLFKLATKIIPSFFRRKNQ
2324,GKWMHLLKHILK
2709,RYH
3830,SQLGDLGSGAGQGGGGGGSIRAAGGAFGKLEAAREEEFFYKKQKEQLERLKNDQIHQAEFHHQQIKEHEEAIQRHKDFLNNLHK
1312,WKKIWSKIKKLLK
3448,ATYDGKCYKKDNICKYKAQSGKTAICKCYVKVCPRDGAKCEFDSYKGKCYC
1989,NIKISGKWKAQKRFLKGGGRLLRPLLQLLKQKLR
3864,KILPGVCKKIMRPFLRRISKDILTGKK
2362,IKIPSFFRNILKKVGKKAVSLIAGALKQS
1975,KNWKKILGKIIKVVK
3514,WMEWDREINNYTSLIHSLIEESQNQQEKNEQELL
1761,KWIKWIKWI
3391,FLGAVVKALSKLL
1305,KEFKRIVQRIKDFLRNLV
2739,KRFKKFFRKLKKSVKKRAKEFFKKPRVIGVSIPF
1541,GMWKKILGHLIR
4202,GKPRPYSPKPTSHPRPIRV
2472,RWKIFKKIEKMGRNIRDGIVKAGPAIEVLGSAKAI
2642,VDKRHYLPRKRPPRRIYNR
2795,AIGSILGRLAKGLPTLKSWIKNR
3958,RWKIFKKVVKKW
622,KVVFKVKFK
3808,CFQWKRAMRKVR
1493,AIPWSIWWHLLFKG
110,AGKKTIRQYLKNKIKKKGRKWVIAW
2275,FLFSLIPSAIAGLVSAIRN
3732,FLKGIVGKLGKLF
1169,LKLFKKILKFL
4046,GIWKKWIKKWLKVLKNLF
232,GLRKRLRKFRNKQKEKLKKIGQKIQGLLPKLAPRTDY
66,SWLRDIWDWLCEVLSDFK
4106,ALWKNMLKGIGKLAG
1603,GIFSKLAGKKLKNLLISG
2072,SFLSLIRKLIT
3283,LCAALCLAIGRR
3596,RKWRIVVIRVRR
2192,KKIWQKIKNFFRKL
536,RLGNFFRKVKEKIGGGLKKVGQKIKDFLGNLVPRTAS
2859,WKKIPKFLHLLKKF
125,GIGKFIHAVKKWGKTFIGEIAKS
3545,NKWKKILGKIIKVVK
2133,LIRGLFKSFWQVF
1254,GLPLLISWIKRKRQQ
4088,FFHHIFRGIVHVGKTIHKLVTG
1976,QLKVDLWGTRSGIQPEQHSSGKSDVRRWRSRY
4047,GKPKPYSPRPTSHPRPIRV
3825,GLFKVIKKVASVIGGL
2075,ENREVPPGFTALIKTLRKCKII
484,RGLRRLGRKIAHGVKKYGPTVLRIIRIA
1654,RFWPVVIRTVVAGYNLYRAIKKK
1215,GLLGPLLKIAAKVGSNLL
3086,LLKWLKKLLKK
3733,GLWQKIKSAAGDLASGIVEGIKS
4103,NRWCFAGDD
4503,GLGGAKKNFIIAANKTAPQSVKKTFSCKLYNG
4063,ENFFKEIERAGQRIRDAIISAAPAVETLAQAQKIIKGGD
3345,GLPASISWIKRKRQQ
3959,RLSRIVVIRVSR
1774,LSVKAFTGIQLRGVCGIEVKARG
2410,FVPWFSKFLGRIL
2797,RRWWCI
918,GGHGGHGGHGGHGGHGGH
1646,FLPFIAGMAAKFLPKIFCAISKK
1026,RVKRFWPLVPVAINTVAAGINLYKAIRRK
1030,KKKAAFLKLWAKLFKAL
882,GFLSILKKVL
1335,GLWSTIKNVAAAAGKAALGAL
2746,AWLDKLKSLGKVVG
3662,RLWDIVRRWVGWLC
2713,IGKKFKRIVKRIKKFLRKL
364,LKKLWKRVFRIWKRIFRYLKRPVR
4365,FRRFRKWFRRFLKLF
3287,IISTIGKLPKWIIKTVNKFTKK
2125,KKFLHSAKKWLKAFVKLFKNW
27,KRRGSVTTRYQFLMIHLLRPKKLFA
473,GFKDLLKGAAKALVKTVLK
525,AKRHHGYHRKFH
725,GLLWHLLHHLLH
55,KIAGKIAKIAGKIAKIA
638,KWKSFLKTFSKAKKKVLKTALKAISK
302,THVFRLKKWMQKVIDRFGG
2766,LWGVWRRVIDWLR
4205,RRRRWWWWW
1276,ALRLAIRKR
1890,LKLKSIVSWAKKVL
624,KLLKIWWIKVLK
2055,AVKKLLRWWSRWWKK
1280,FVQWFSKFLGRIL
2851,CWFWKWWRRRRR
1049,RLWDIVRRWVGWL
336,GIGKFLHSAKKFGKAFVGEIMNSKKKKKKKKKK
3644,VDKPPYLPRPRLPRRIYNRG
47,GRFKRFRKKFKKLFKKLSPVIPLLHLG
2878,FFRHLFRGAKAIFRGARQGWRAHKVVSRYRNRDVPETDNNQEEP
106,GLLSLLSLLGKAL
2397,FFRRFFRRFFRRFFRR
1079,FFPMVKKLLNGLF
2286,RKKRWWRRKK
2261,DDALRRLLRRLLRRL
1144,DWHLGQGV
3931,VFQFLGKIIKKVGNFVKGFSKVF
2296,FLNALKNFAKTAGKRLKSLLN
2841,RRWRIVVIRWRR
3144,SPRRRTPSPRRRRSQSPRRRR
1836,GLFDVIKKVASVIKKL
1753,FKKLKKLFSKLWNWKRKKRRQRRR
1101,KAKKHRCRVYNNGLPTGLYRWC
1968,KKLALKALKLWLLALLKLAKLALKK
3739,VDKPPYLPRPRMPRRIYNRG
3117,FLFKLIPKAIKKLISKFK
2393,AKRLKKLAKKIWKWL
523,RRSQARKCSRGNGGKIGSIRCRGGGTRLGGGSLIGR
2280,KQLIRFLKRLDRNLWGLA
2692,IPWGKVKDFLVGGMKAV
3925,KKIWQKIKRFFQKL
2885,KWIRWVRWI
1428,RLNRPVYIPQPRPPHPRL
2581,ILPYKYPYYPYRR
681,RLRRIVVIRVRR
603,LLKLLKKLLKKLLKL
1489,LSLIAAAGKETIRQYLKNEIKKKGRKAVIAW
4238,KDLHTVVSAILQAL
4356,GFLSILKKVLKKVMAHMK
3122,LFPIVKKLLNGLF
4237,KIKEKLKKIGQKIQG
60,ILPWKWPWLPKRR
1969,INWLKIAAAVAGML
671,INWKKIFQKVKNLV
92,IWKRWWWKR
666,VDKPPYLPRPRPPRRIYYRG
3718,ILELAGNAARDNKKTRIIPRHLQL
1887,FFPFLLGALGSLLPKIF
3266,LLGDFFRKSKEKIGKEFKRIVQRIKDFLRNLVPRTESDYKDDDDKCQDSERTFY
280,KWFRVYRGIYRR
1719,EGPVGLADPDGPASAPLGAP
3749,WLNALLHHGLNCAKGVL
359,AKLWLKAAKLWLKAAKLWLKAAKLWLKA
899,FFPIVGKLLSGLL
3591,NNRPVYIPQPRPPHPRI
1935,GIGKFLHSAKKFGKAFVAEIMNS
4373,SIGSAFKKAAHVGKHVGKAALTHYLN
1994,ALLLAIRKR
3806,PWKWPWWPWRR
2895,LLGAALSALSSVIPSVISWFQK
3254,GLWDVIKKVASVIGGL
760,YIRKIRRFFKKRFKFRKK
2158,KDRPKKPGLCPAAKKAAAAKA
1906,GRFKRFRKKFKKLFKKLS
42,MQFITDLIKKAVDFFKGLVGNK
2173,RRRPRPPYLPRPRPPPFFPPRLPPRIPPGFPPRFP
204,ALWKSILKNVGKAAGKAVL
1473,APKAMRLLRRLLRRLLR
2100,KLKKLLKHLHHLLH
2593,KLWKLWKKWLK
68,FIGALLRPALKLLAGK
3759,KWKLFKKIGKVLKKL
1875,TLRGDERILSILRHQNLLKELQDLALQGAK
3579,GIWKTIKSMGKVFAGKIKQNL
2832,FLKGIKGMLGKLF
3917,GLLKIIKTLL
3472,ILGKIWKPIKKLF
2231,APKEWMAWAREIAAYAKLIAALI
137,KRKKHRCRVYNNGMPTGMYRWC
2947,VRRYPWWWPYLRR
796,AKKVFKRLEKLFSKIQNDK
2180,LVQRGRFGRFLKKVRRFIPKVIIAAQIGSRFG
2128,EKALEKLIAIQKAIKGMLNGWFTGVGFRRKR
3634,LILGKLWKGVKSIF
3177,GFFGKMKEYFKKFGASFKRRFANLKKRL
758,VRRFPWWYPFLRR
541,FDLLGLVKKVASAL
1019,PPIQNPSMAPPTQNPYGQPMTPPTQNPYGQPMAPP
3768,ECYRKSDIVTCEPWQKFCYREVTFFPNHPVYLSGCASECTETNSKWCCTTDKCNRARGG
3031,GGHGLLKRIKTLL
3552,CFAWQRAMRKVR
165,NGVQPKY
248,IASKVANTVQKLKRKAKNAVA
1331,GWARRTVAKVRK
2017,FAKKFAKKFKKFAKKFAFAFAF
446,RKKKFKFFKRLF
2482,GWGRFFKKWWRVGKRVGK
2906,ALWKTIIKGAGKMIGSLAKNLLGSQAQPES
1358,WVIKGYKGGQKITVHRR
2845,KRHHGYKRKFHEKHHSHR
2145,LLPIVANLLKALL
1329,RQIKIWFQNRRWGGQLGKKKHRRRPSKKKRHW
2853,GIMSSLMKKLAKIIAK
2785,GLFGKLQKKFGRKAISYAVKKARGKH
763,GIRDVLKGAAKAFVKTVAGHIAN
3894,KEFKRIVKRIKKFLRKLV
3493,IFGAIWSGIKSLF
2150,KRFKKFFKKVKKSV
434,KLLLKLKLKLLKGWKRKRFG
2122,KKLFKKILKYLAGPAGIGKFLHSAK
577,FVDLKKIANIINSIFGK
2900,GPRSSNHKRGLSRVGNSNPGKYLAKYSFRPVILSSKPLSPTPTKT
3938,GLFDIVKKIAGHIVSSI
3278,FPFLLSLIPSAISAIKRL
2966,RWRWPIRRPPIRPPWYP
3374,FKVQNQHGQVVKIFHH
2814,RLVRILVSKRPVAIKPYFRL
4317,KDRPKKPGLCPLIWWLIIKVG
2448,FLGALFKFASK
1848,RRWWCH
762,WWRRRRRRRR
3037,RFRRLRKKWRKRLKKI
388,RRSRRGRGGGRRGGSGGRGGRGGGGRSGAGSSIAGVGSRGGGGGRHYA
235,GLLSRLRDFLSDRGRRLGEKIERIGQKIKDLSEFFQS
1077,GIKKILKYGKKS
1984,KRIWQKIKNFFQKL
267,ISLNPPRSTIAMRAINNYRWRSKNQNTFLR
3377,FWGALAKGALKLIPSLFSSFSKKD
770,GLFKVLGSVAKHLLPHVAPVIAEKL
2165,FLKALKKLL
437,QFPVGRVHRLLRK
673,LKKLLKKLLKW
249,YKLLKLLLPKLKGLLIKL
2201,WGIRRILKYGKRS
1574,FIFHIIKGLFHAG
3143,IKKWWSKIKKLLK
2142,DAEFRHDSGYEVHHQKLVFFAEDVGSNKGAIIGLMVGGVVIA
3419,VDKQPYLPRPRPPRRIYNR
2081,WNPFKELEKVGQRVRDAVISAGPAVATVAQATALAK
1823,RRIRFRPPYLPRPGRR
487,KKLLFKLKFK
880,DLHIPPPDNKINWPQLSGGGGGSPKTGYDININAQQK
448,IFGLLLHGAIHVGKLIHGLVRRH
1469,GLPALILWIKRKRQQ
716,FFKLIPKLVKKLIKAFK
3949,CFALKKAMKKVR
50,KIAGKIAAIAGKIAKIAGAIAKIAGKIA
2048,KIIRVIRGIIRRR
1901,LLIILRRRWRKQAKAKSK
4105,GLPALISLIKRKRQQ
3149,DAEFRHDSGYEVHHQKLVFFAEDVGSNKGAIIGLMVGGVV
3156,RFRPPIRRPPIRPPFYR
1168,RRIKPRPPRLPRPRPR
82,GWKDLLKGAAKALVKTVF
3529,AVVKVPLKKFKSIRE
3985,YGRKKRRQRRRSISLL
2724,KWKSFLKTFKGAVKTVLHTALKAISS
4051,HSDAVFTDNYTRLRKQMAVKKYLNSILN
3044,LSTFFRLFNRSFTQGRRRRSVQWCA
3094,GWLKKIGKKIERVGQHTRDASIQAIGIAQQAANVAATARG
1460,INWLKLGKMVIDAL
2818,KNWKKILKKIIKVVK
1893,KDEPQRRSARLSAKPAPPKPEPKPKKAPAKK
1668,INWKKIKKKVAGML
2756,ILPWKWPWWPWKK
2000,RKWWRWIKW
475,LLGSLLKLLPKLL
517,PRPPHPPRPPHPRL
2870,FKKLKKLFSKLKNWW
404,GALSLLSLLGKLL
384,WWSYVRRWRSR
4136,GKFSVFGKILRSIAKVFKGVGKVRKQFKTASDLDKNQ
4058,VYWKKILGKIIKVVK
2152,PEEMNKYLTALRHYINLVTRQRY
1633,VNWKKILPKIIKVVK
4406,PAEDLARYYSALRHYINLITRQRY
688,RWKIFKKIEKVGRNVRDGIIKA
4015,GLVSSIGKVLGGLLADVVKSKGQPA
2874,GKYGFYTHVFRLKKWIQKVIDQFGE
1240,AIPWSIWWRLLFKG
62,LRKLWKRVVKIWKRYLRQLRRPVR
3353,ALWMTLLKKVLKAAAKALNAVLVGANA
852,HRVKRNGFRKFMRRLKKFFAGG
4321,KRRILIRILKLIIKLILKKR
4078,AKAWGIPPHVIPQIVPVRIRPLCGNV
1262,FLWWLFKWAWK
223,ALWKDILKNVGKAAGKAVLNTVTDMVNQ
2193,AIWKKIIKKIIKSAKKIG
3136,RKSKEKIGKEFKRIVQRIKDFLRNLVPRTES
373,RRIRPRPPRLPRPRPRP
1824,GFFGNTWKKIKGKADKIMLKKAVKIMVKKEGISKEEAQAKVDAMSKKQIRLYLLKYYGKKALQKASEKL
4149,GIGSILGVIAKGLPTLISWIKNR
3190,FPVTWRWWKWWKG
4410,GLTFLKKILNFAKKIYTAIW
4198,KWKKLLKKPLKLLKKLL
3322,ALWKNMLKGIGK
3313,FLGALWNVAKSLF
797,KWKSFLKTFKSAKKKVLHKALKAISS
2871,VIPIVSGLLSSLL
9,ALPWKWPWWPWRR
2497,LLKELWTKIKGAGKAVLGKIKGLL
1944,VRRVRKWVRRVLKLV
1838,RLLRLLRLRRLLRL
708,KILRGVCKKIMRTFLRRISKDILTGKK
255,FLGALWNVAKSYF
2930,GIGAAILSAGKSALKGLAKGLAEHF
1617,KWKLFKKIAKKFAKAFVAEIM
389,VPKPPYLPRPRPPRRKYNR
4024,KGRGKQGGKVRAKAK
3618,LRAMCIKWWSGKHPK
1581,IWLTALKFLGKHAAKHLAKQQLSKL
2956,LRALAKALKHKL
924,GIGGALLSAGKAALKGLAKVLV
2799,LLPIVVNLLKSLL
3898,GLFSVLGSVAKHLLPHVVPVIAEKL
2508,AIGSILGALAKGLPTLISWIKNR
3795,LRLKSIVSYAKKVL
2036,IDGLKAIWKKVADLLKNT
3955,FLPVLGKVIKLVGGLL
1224,FIGLLISAGKAIHDLIRRRH
3216,KRRLILRILRLAIRALVKKR
3006,VKRWKKWWRKLKKSV
2549,FLKALFKVASKVL
1946,GRFRRLRKKTRKRLKKIGKVLKWIPPIVGSIPLG
3775,GFFGKRKEYFKKFGASFKRRFANLKKRL
739,FIPLVSGLFSRLL
40,GNNKPVYIPRPRPPHPRLV
868,KRNGFRKFMRRLKKFFAGGGSSIAHIKLH
2779,GFFALIPKIISSPLFKTLLSAVGSALSSSGGQE
539,KIFKKIEKVGRNVRDGIIKAGPAVAVVEQA
3249,LKKVYKRLARLLKRYIRYLRRPVR
3387,GGLKKLGKKLEGAGKRVFNAAEKALPVVAGAKALRK
2745,GMWKKILGKLIR
4007,KRFHSVGSLIQRHQQMIRDKSEATRHGIRIITRPKLLLAS
89,GLLARIKTLL
2723,GMASKAGAIAGKIAKVALKAL
1371,KWRRWVRWI
1145,GWGSFFKKAAHVGKHVGKAALT
1031,HVDKKVADKVLLLKQLRIMRLLTRL
372,ILPWKKPKLPWRR
667,GIGKFLHSAKKWGKAFVGEIMNS
3479,GLFDIVKKIAGHIASSI
3019,VIGSILGALASGLPTLISWIKNR
357,IKYLLVKLQGASQKTITLMLRRN
967,LVQRGRFGRFLRKIRRFRPKVTITIQGSARFG
2831,LLWIALRKK
2783,KRKILILIKR
1353,VIHKLAKLAKKLAKLAK
1035,RWRWRWK
3018,GLFDIAKKVIGVIGSL
470,VGRIHRHLK
2703,VIKWLLKILRAI
3330,VDKPPYLPRPKPPRRIYN
3637,EWRVARRAVQRLRHLARRYH
1396,RIKRFWPVVIRTVVAGYNLYRA
3584,LLRRVARLLKRFAK
3992,KYTGKCKTKKNKCK
4215,FWRIRIRR
1549,VDKPPYLPRPRPPRRIYNH
3376,GLRKRLRKFLNKIKEKLKKIGQKIQGLLPKLAPRTDY
1256,FRRPFKWFRRFFKFF
2094,HSIIGRKLVVHKKAK
3473,RRIRPRPPRLPRPRPRPLPYPRP
3512,GLVTGLLKTAGKLLGDLFGSLSG
1555,RRWRRWWRRWWRRWRR
4193,KGFKKIEKLGRHIRDGVVKAGPAVGVVGQASSIMG
1250,MGAVVKGALKIIGGGAASGGAVYGLERIFGR
1699,RKLILKRKRILIKR
1252,GLRKRLRKFRNKMKEKLKKIGQKIQGLLPKLAPRTDY
4334,TRRKFWKKVLNGALKIAPFLLG
4351,RLARIVKIRVAR
3284,GWLKKFGKKIERVGQHTRDATIQAIGVAQQAANVAATLKG
2933,GWWRRTAAKVRK
79,GKGALKKFLAKKVAKTVAKQAAKQGAKYVVNKQME
1172,KKLFKKILKYLKDEL
814,FLSLIPKIAGGIASLVKNL
1852,FLSTIWNGIKSLL
2220,KILRGVAKKIMRTFLRRISKDILTGKK
2719,FRFKRFRKKGKKLFKKVSPPILLLHL
684,FFHHIWRGIVHVGKTIHRLVTG
4389,FFPIVGKLLS
2105,KWKSFLKTFKSLKKTVLHTLLKAISS
133,GFLDVIKHVGKAALGVVTHLINQ
1140,GNNRPVYIPQPRPPHPR
933,LKKLLKWLLKLLK
928,YTSLIHSLIEEGQNQQEKNEQELLELDKWASLWNWF
823,YTSLIHSLIEEEQNQQEKNEQELLELDKWASLWNWF
3480,KFFKKLKKAVKKGFKKFAKV
4096,LLGDFFRKSKEKIGKEFKRIVQR
1531,RVRRFPWWWPFLRRR
1214,RLLRLLRRLLRLLR
504,AAHCLIGRK
4480,GRLQAFLAKMKEIAAQTL
2395,GLPALISWIKRKRQQ
1996,ILKLFKRIVKRILKFLRKL
2434,SWLRDLWDWICELLSDFK
3072,IARRNLCASLRARHTIPQCKKFGRR
1958,GKKLFKKILKYLAGPAGIGKFLHSAK
1384,VARGWKRKCPLFGKGG
894,ILGPVISKIGGVLGGLLKNL
828,IRRIIRKIIHIIKK
455,SLQPGAPKLPYAWSRKQEGWKFDPSLTRGEDGNTLGSINIHHTGRNHEVGANWNKVIRGPGKAKPTYSIHGSWRW
2523,IAQQAANVAATARG
1683,PRLPPRIPPGFPPRFPPRFP
4181,RRWKIVVIRWRR
3709,GLLALISWIKRKRQQ
4165,ILPWKWPWLPWKK
4126,AEVAPAPAAAAPAKAPKKKAAAKPKKAGPS
652,INWKKIASIGKEVLKAL
172,RCRCRCRCRC
3522,KLWKLWLKWLK
3197,GRAKRFRKKAKKLFKKLSPVIPLLHL
38,TSFLNELNKYNEKKFI
3602,GIHDALKYGKPS
1881,VLPIVKKLLKGLF
713,TYMPVEEGEYIVNISYADQPKKNSPFTAKKQPGPKVDLSGVKAYGPG
90,KKWKKWKKWKK
2214,TQQAFQKFLAAVTSALGKQYH
1205,ILGKIWEPIKSLF
2923,LVQRGRFGRFLRKIRRFRPKVTITIQGSARF
4075,GRLKKLGKKIEGAGKRVFKAAEKALPVVAGVKAL
1810,NIWKKIASIAKEVLKAL
3486,KRGFGKKLRKRLKKFRNSIKKRLKNFNVVIPIPLPG
3323,KIAGKIAKIAKKIAKIA
3141,KILGVSKKIMRRISKDILTGKK
1827,RIGSILGRLAKGLPTLISWIKNR
1155,RRVVRRVRRVVRRVVRVVRRVVRR
1324,GLRKRLRKFRNKIKEKLKKIGQKIQTLLPKLAPRTDY
216,CFAWQRNMRKVR
3398,FLGALWRVAKSVF
510,FLKALFKVALKVL
1680,ILPWKWPWWP
499,AQKIISTIGKLPKWIIKTVNKFTKK
4082,FLGGLIKWWPWRR
1856,INWLKLGKKMMSAL
1388,GMASKLAKVLPHVVKLIK
1519,KLWKLWLKWLL
3719,EWFKARRWGWRMKKLQA
2386,SAVLRHLRRFLLRKHRKH
4301,ECKFTVKPYLKRFQVYYKGRMWCP
3236,TRKRLKKIGKVLKWI
2076,RKWVKWRNR
1540,GIGGVLLSAGKAALKGLAKVLAEKYAN
1217,GKWMKLLKHILK
2681,YQEPVLGPVRGPFPI
2842,MQFITDLIKKAVDFFKGLFDNK
2993,ILGWKWGWWGWRR
1416,LRRVWKRVARIIKRLYRYLKRPVR
2217,WLKAAAKAAAKLW
1191,AARIILRTRFR
1676,RWKIFKKVVKKG
1197,NLSASLRARHTIPQSRKFGRR
1542,ALGALFKVASKVL
3301,RGRKSSRRKK
3324,GWLKKIGKKIERVGQHTRGLGIAQIAANVAATAR
2960,GLGSILGKILNVAGKVGKTIGKVADAVGNKE
2539,FFPIVKKILNGLF
953,WRKKWFW
3145,FKCRRWQWRMKKLGAPS
3080,GKLTKDKLKRGAKKALNVASKVAPIVAAGASIAR
2635,FFFHIIKGLFHAGRMIHGLVNRRRHRHGMEELDLDQRAFEREKAFA
750,FRIRVRVFKRIVQRIKDFLR
2705,RWKIFKKVVKKA
3914,RAGLQWPIGRLLRRLLRRLLR
234,GFKRIVQAIKDFLRNLV
732,RAGLQFLVGRVHRLLRK
1238,GKWKLFKKAFKKFLKILAC
4290,KWKVFKKIEKMIRNIRNKIVK
1156,LSTFFRLFNGRRRRSVQWCA
633,GGGGLRKRLRKFRNKIKEKLKKIGQKIQGLLPKLA
3294,VNWKKILGKIKKVVK
2445,WGHKLRSSWNKVKHAVKKGAGYASGACRVLGH
2982,LRKFFARIRGGRAAVLNALGKEEQIGRASNSGRKCARKKK
1209,KWKLFKKIPLHLAKKF
1065,GWGSFFKKAAHVGKHVGKAALTHYL
3764,IKWKAILDAVKKVI
2156,KCRRRKVHGPMIRIRKK
1062,GLLKRIKFLL
2616,GMASKAGAIAGKIAKVALKALGGC
1167,GWGKFFKKFFKFGK
3222,TPGGIDFISGGPHVAQDVLNAIKNFFK
3636,AAHHIARPIVHVGKTIHRLVTG
3555,ISRLAGLLRKGGEKIGEKLKKIGQKIKNFFQKLVPQPE
1492,LLIILKKKWKKQAKAKSK
2938,IKKIWSKIKKLLK
2995,CGNFLKRTCICVKK
3096,AVWKKVVKKVVKSAKKVG
4076,GIGKFLHSAKKFGKAAVGEIMNS
4254,WIQPKTKVIAYVRYL
3140,GNNRPVYIPRPRPPHPRI
884,GGLRKLGRKILRAWKKYGPIIVPIIRI
143,FKRLEKLFSKIWNWK
1390,RVRRFWPLVPVAINTVAAGINLYKAIRRK
3577,KETWWETWWTEWSQPKKKRKV
850,LRIVKLILKWLR
3635,KRKKHRCRVYNNGLPTGLFRWC
3455,GKARGWFY
2782,RCMCIKTTSGIHPKN
717,KVFKRLEKLFSKI
1819,FLPLIGKVLSGIL
2502,RWRWWWRWRW
264,LKWGAILKHIIK
75,KIAGKIASIAGKIAKIAGKIAK
3986,TFFRLFNRSGGGFKKFWKWFRRF
4370,RRRRRRRRRRRRRRRWWW
2492,LLPWKWPWWKWRR
395,GVIKSVLKGVAKTVALGML
4158,YTSLIHSLIEEYQNQQEKNEQELLELDKWASLWNWF
2224,ALWKTLLKKVLKAAAKAALKAVLVGANA
3090,AELRCMCIKTTSGIHPKNIQSLEVIGKGTHCNQVEVIATLKDGRKICLDPDAPRIKKIVQKKLAGDES
4360,KLKKLLKRWRRWWR
396,KRGLWESLKRKATKLGDDIRNTLRNFKIKFPVPRQG
1365,KSSTRGRKSSRRKK
4110,FFRHIKSFWKGAKAIFRGARQG
1903,RRGWVLALYLRYGRR
595,RRLRKKTRKRLKKIGKVLKWI
2109,LLSNVAGLLKQFAK
3952,RFRPPIRRPPIRPPFRPPFRPPVRP
1296,KRGLWESLKRKVTKLGDDIRNTLRNFKIKFPVPRQG
1821,FLGELWNVWKSVF
872,LCAAHCLAILRR
2914,FLGALWKALSKLL
2264,GKWKKILGKLIR
2326,ILGKLLKTAAGLLSNL
1548,KRKKHACRVYNNGLPTGLYRWC
3766,MGAIIKGAAKVLGKGAATGGVIYGLEKLFR
3440,LLGMIKVAITAISALSKL
3851,VDKPPYLPRWRPPRRIYNR
4141,GLFDIIKKIAASF
2143,FLALLKKLL
1571,GVIDAAAKVVNVLKNLF
4079,KKYLLPIVGNLLKSLL
1122,IRPRPPRLPRPRPRPLPYPRP
2786,FLAGLIGGLAKML
2967,WKRLVAASAKKK
2504,FLPLIGRVLSAIL
3465,YKARRWAWRWK
675,STVLTSKYR
2808,KKLFKKILKYLTTGLPALISWKDEL
3348,RRVSRRFMRRYRSRRPRRLV
728,RKWVYWRNR
412,VDKPPYLPRPHPPRRIYN
3146,GVIKAAKKVVKVLKKLF
1516,KKIMRTFLRR
825,ALYKRLFKKLKKF
3267,KNWKAILKHIIK
3974,LLWKALRLWWKVL
616,SRSEKAGLQFPVGRIGRMLKK
114,VIDKAKMESLGITSRDTT
417,KWKLFKKIGIGAVLTTGLPALIS
3069,ILPAKWPWWPWRR
1625,RGLRRLGRKIAHGVKKYGATVLRIIRIA
4458,KKHRCRVYNNGLPTGLYRWC
2896,GILNTIKSIASKLKRKAK
4214,FRRFFKWFRRPFKFF
2082,KLLSHSLLVTLA
753,FLSLIPHIVSGVASIAKHF
2546,KRIRKRIKKWKR
3969,TTKNYGNGVCNSVNWCQCGNVWASCNLATGCAAWLCKLA
3373,WKLFKKILKVL
4107,KIKWILKYWKWS
2444,GWWRRWRRWWA
1066,ARTKQTARKSTGGKAPRKQLAT
3913,SKVLRHLRRFLHRAHRKL
3498,ALRSAVRTVARVGRAVLPHVAI
2738,GLFKVIKKVAKVIKKL
4000,AANFGPSVFTPEVHETWQKFLNVVVAALGKQYH
1568,FFPIFKKLLNGLF
2427,FKIKPGKVLDKFGKIVGKVLKQLKKVS
3746,WKRWVRRWKRWLR
4184,VDKPPYLPRPRPPRRKYNRG
1687,KWRRKLKKLR
851,GLFDIVKKVVGAIGSL
3546,KVFKRLEKLFS
895,VQWRIRIAVIRA
335,AWKEKIRQYLKNEIKKKWRKAVIAW
2839,FAIAIKAIKKAIKKIKKAIKKAI
3087,RFRFPIRRPPIRPPFYP
1348,INWKGIAAMKKLL
1015,SILPTIVSFLSKVF
2816,RPFTRAQIFAIQHISPRTIAMRAINNYRWR
1631,PMKKKLAARILAKIVAPVW
2489,AKRHHKYHRKFH
3730,RWRWRWRWRW
3251,ILAWKWAWWAWRR
4179,VDKPPYLPRFRPPRRIYNR
2070,RWRWPIRRRPIRPPWYR
4401,VGRKHSILNCIPYLKKKKIMRL
1635,VNWRRILGRIIRVVR
2479,SKYR
2265,KRKILILIKRKR
2959,ALWKTLLKKVLKA
3059,VPKPPYLPRPRPPRRIYNR
2141,WRSLGRTLLRLSHALKPLARRSGW
3118,RKYVRFLHRWVKYFRAYL
4265,WFKIIKK
4045,LALKSGGWLRLFGLKDKKH
3356,GVFGLLAKAALKGASKLIPHLLPSRQQ
2744,IIGAVLKVLTTGLPALISWIKRKRQQ
3506,VDKKPRLPRRRPPRRIYNR
1679,RRFPWWWPFRR
3147,GLASLLSLLGKLL
2294,VDKGSYLPRPTPPRPIYNRN
580,VDKGSYRPRPTPPKPIYNRN
1470,RLLLRIGRR
4070,GIMSSLMKKLAAHIKK
3343,WPWWPWRR
3672,LLAGLAANFLPKIFCKITRKC
559,VDKPPYLPRPRPPRRCYNRG
2849,RWTWRGSGRWTWR
512,VRRFGWWWGFLRR
1081,GLKDKFKSMGEKLKQYIQTWKAKF
1664,KWKVFKKIEKMGRNIRNGIVK
1012,KWKKPLLKKLLKKL
1931,RGRKSSRRK
1150,FFPIVAKLLRGLF
2838,RFGRFLRKIRRFRPKVTITIQGSARFG
116,APKAMHSAKKFGKAFVGEIMLQKKGI
740,KWLKKLLKKLL
4333,GIMISLMKKLAAHIAK
3675,AKRLLKVLKRF
830,RRIRFRPPYLPRPGRRPRFPPPFPIPRIPRIP
119,ILPIIGKILSTIFGK
4308,VNWKKILKKIIKVVK
4276,KKTWWKTWWTKWSQP
635,CNGKRVCVCR
4142,WKIVFWWRR
991,RGGRLYRRRFVVGR
876,AWKKTIRQYLKNKIKKKWRKAVIAW
4,VDKPPYLPRPRPPRRIYCRG
3051,RVIEVVQGACRAIRHIPRRIR
3124,FSRYARMRDSRPWSDRKNNYSGPQFTYPPEKAPPEKLIKWNNEGSPIFEMPAEGGHIEP
2660,GFGTILKALAKIAGKVVKKLATKPGATYMLKENLK
2491,KKTWWKTWWTKWSQPKKKRKV
3854,GIWKSLFTKLLKG
1715,KKLFKKILKWL
1148,IKKIVSKIKKLLK
3261,RFRRLRWKTRKRLWKI
574,KKVVFKVKFKKK
3769,GFGSFLGKALKAALKIGANVLGGAPQQ
3736,ALYKKFKKKLLKSLKRLG
4146,VDKPPYLPRPRPRRRIYNRG
853,FSGGNCRGFRRRCFCTK
1982,KLKKLWKKLLK
2774,VDKKPYRPRRRPPRRIYNR
1166,AAGGVKKPKKAAAAKKSPKKPKKPAAA
971,RWKKWWRWL
2701,IIGPVLGLVGSALGGLLKKI
3847,GIGKFLHSAKKFAKAFVGEIMNS
2368,WGKFFAGVKKLTKAILGEIA
4115,VDKPPYLPHPRPPRRIYNR
4131,ILGKIWEGKKSLF
2950,KWKSFIKKLTSVLKKVVTTALPALIS
524,FLPIVAKLLSGLL
2455,RRRCPIVVIRVCRR
1841,GVIDAAKKVVNVLANLF
537,VDKPPYLRRPRPPRRIYNR
2806,INWKKIAKKVAGML
3175,KWKSFLKTFKSASKTVLHTALKAISS
784,GRWRWWWRWRA
4057,NIQPPCRCC
1409,SLSRYAKLANRLANPKLLETFLSKWIG
2537,AIWRKATRRLVKLIV
154,GWWARTVAKVRK
3009,TSGKYPNCRYKEKRQNKSYVVACKPPQKKDSQQFHLVPVHLDRVL
1686,VNWKKIILGKIIKVVK
2901,GLSLLLSLGLKLL
4457,FSFKRLKGFAKKLWNSKLARKIRTKGLKYVKNFAKDMLSEGEEAPPAAEPPVEAPQ
3863,KGIRGYKGGYCKGAFKQTCKCY
2733,GIGKLFLHAAKKFAKAFVAEKMNS
1895,VNWKKVLKKIIKVAK
569,FFSALLSGIKSLF
1816,IAGKIAKIAGKIAKIAGKIAKIAGKIA
2065,KKLFKKILKYLAGPA
127,SFKKFWGGVKAIFKGARKGWK
3394,FALALKALKKLLKKLKKLAKKAL
3327,KKLLPIVKNLLKSLL
4491,SWKKFFKKARSLPKLF
2975,GVLSAFKNALPGIMKIIV
980,IKLSPKTKDNLKKVLKGAIKGAIAVAKMV
2300,KPKGMTSSQWFKIQHMQPSPQASNSAMKNINKHTKRSKDLNTFLH
190,KNKRKRRRRRRGGRRRR
1139,KYYGNGVHCTKSGCSVNWGEAFSAGVHRLA
699,VDKPPYLPRPRSPRRIYNRG
4309,KRRLALFRLFRLALKLVLKK
606,LGRKIAHGVKKYGPTVLRII
301,INLLKIAKGIIKSL
3420,FLSLIPHAINAVSTLVHHF
4347,GGILVAKLVTTLGPALISWIKRKRQQ
1060,VWRHWRRFWH
2565,KWKKLLKKLLKLLKKLLK
4499,LAAKLTKAATKLTAALTKLAAALT
1069,RRSKARGGSRGSKMGRKDSKGGSRGRPGSGSRPGGGSSIAGASRGDRGGTRNA
2524,GWTLNSAGYLLGKINLKALAALAKKIL
2205,RILRGVSRRIMRRILTGRR
1243,KEEQIGKSSTRGRKSSRRKK
16,RKKWAW
3120,GKLIKKFGRKAISYAVKKARGKH
815,RIRDAIAHGYIVDKV
3067,GFGSFLGKALKAALKIGANVLGGAPEQ
959,KKTWWKTWWTKWKK
225,INLKGLIKKVASLLT
3354,WFKKLLKKALRLWKKVL
2485,ILPWKWPFFPWRR
562,GNNKPVYIPQPRPPHPRL
3436,GMWSKILGKLIR
1693,VVRRPVYIPQPRPPHPRL
1045,GIGTKILGGVKAALKGALKELASTYVN
3446,GLFDIIKKIAESF
954,FLAAARIAKRVAKKARKLAKRAARKRK
2735,GLLQTIKEKLESLESLAKGIVSGIQA
4419,LKKLLKLLKKLLKLAG
1218,RSMRLSFRARGYGFR
1527,GVFRRLRKVTRKVLKKIGKVLKWI
3987,GLLSRLRDRLSDRGRRLGEKIERIGQKIKDLSEFFQS
1300,RWRWWWRWRL
160,GLLKPLLKIAAKVGSNLL
4067,KRIVQRIKKWLR
956,NWRKILGQIASVGAGLLGSLLAGYE
3791,LPLLAGLAANFLPKIFCKITRK
3234,RAPAEDLARYYSALRHYINLITRQRY
2869,KWKSFIKKLTSAAKKVVTTAKPLISS
3777,VQWRRIRVWVIR
2961,GKWLSLLKHILK
2200,GILKKFMLHRGTKVYKMRTLSKRSH
98,KWKLFKKIPKFLHLAK
2557,KWVKKWVKKWVK
3183,SLGSFLKGVGTTLASVGKVVSDQFGKLLQAGQ
253,SKWMSLLKHILK
3923,MDVFMKGLSKAKEGVVAAAEKTKQGVAEAAGKTKEGVLYVGSKTKEGVVHGVATVAEKTK
4199,GWWRRTVAKVRA
1445,VSRRRRRRGGRRRR
1648,GMWSKILGPLIR
3991,RKKRKKLLKRLL
1696,GRFRRLRKKTRKRLKKIGKV
3191,ILPLKLPWWPWRR
1154,NLKAIAALAKKLL
2255,MWGRILGTVAKYGPKAVSWAWQHKWELINMGDLAFRYIQRIWG
1682,RIWVIRWR
3170,KRFIKWYKAWNKKRRVY
2056,SNKGAIKGLMVKGVK
4090,KRRKLIKILKLIAKLIRKKR
3108,AGYLLGKINLKPLAALAKKIL
3723,LVQPRGPRSGPGPWQGGRRKFRRQRPRLSHKGPMPF
2049,SWLRDLWDWLCELLSDFK
3643,FLSLIPHAINAVSTLVHHSG
4438,FLGVVFKLVSKVFPAVFGKV
623,GLLSRLRDRLSDRGRRLGEKIERIGQKIKDLSERFQS
262,GIGKFLHAAKKFAKAFVAEIMNS
3369,GWWRRTVDKVRNAGRK
4061,SLFGTFAKMALKGASKLIPHLLPSRQQ
1802,GIGRFLHSARRFGRAFVGEIMNS
4497,FFHHIFNGLVGVGKTIHRLI
2385,FLGVLFKVLSKLL
1959,TKKTKLTEEEKNRL
2976,AAYLLAKINLKALAALAKKIL
488,RAKWFW
1843,WEEWDKKIEEYTKKIEELIKKS
1734,GYHGGHGGHGGGYNGGGGHGGHGGGYNGGGHHGGGGHG
2911,FFSLLPSLIGGLVSAIK
3219,KWKLFKKIPFLHLAKKF
146,QRKKWFW
1986,ALWKTLLKHVGKAAGKAALNAVTDMVNQ
1369,GNNRPVYRPQPRPPHPRL
2811,LNWGKILKHIIK
659,FKRLEKLFKKIWNWK
1794,KLKKIVVIKVKK
2511,WKLLSKAQEKFGKNKSR
3397,FKRFIGSVKHGIGHLVHHIGVAL
4282,GVFDIIKDAGKQLVAHATGKIAEKV
1147,FLPLLAGLAANFLPKIFCKITRK
3272,LLKKLLKWLKK
608,YTSLIHSLIEELQNQQEKNEQELLELDKWASLWNWF
3582,RAGLQFPVGRLLRRLLRRLLR
1930,GWWRRTVRK
197,KWKLFKKIGIGAVLKVLTTGLPALKLTK
2931,GVVVRVGRVVVRGVRR
2327,GFFDRIKALTKNVTLELLNTITGKLGVTGG
766,GDKPPYLPRPRPPRRIYNR
4218,GLWSTIKQKGKEAAIAAAKAAGQAALGAL
3255,RRRRRRRVSRRPMRRYRSRRPRRLV
202,GIGKFLKKAKKFGKAFV
3510,PWWPWRR
1733,KIAHGVKKYGPTVLRIIRIAG
2777,ENDHRMPNELNRPNNLSKGGAKCGAAIAGGLFGIPKGPLAWAAGLANVYSKCN
1707,FKFGSFIKRMWRSKLAKKLRAKGKELLRDYA
3474,FFPIVKILLKGLF
854,KLKKLLKKLKKLLK
4097,RNCTWLFSTKLKLPA
2160,GRFKRFRKKFKKLFKKIS
698,WLSKTAKKLWLSKTAKKL
4455,GLLSVLGSVAKHVLGHVVGVIAEHL
2999,FFHHIFRGKVHVGKTIHRLVTG
3696,KKLALLALKKWLPALKKLALLALKK
1636,YALLIRMIYKNI
3457,ALWFTMLKKLGTMALHAGKAALGAAANTISQGTQ
3581,FFGSIIGALAKGLPSLISLIKK
1291,AILTTLANWARKFL
1853,IWLTALKFLGKNLGKLAKQQLAKL
3763,KKLALALAKKWLALAKKLALALAKK
3304,RVIRVVQGACRAIRHIPRRIRQGLRRIL
4425,RFRPPIRRPPIRPPFYPPFRPPIRPPIFPPI
3743,GLRKRLRKFRNKHKEKLKKIGQKIQGLLPKLAPRTDY
3445,RQRDPQQQYEQCQERCQRHETEPRHMQTCQQRCERRYEKEKRKQQKR
1998,FLSAITSLLGKLL
663,RRLCRIVVIRVCRR
3748,AGTSLVKFFSSKMNK
709,VDKPPYRPRPRPPRRIYNR
1282,AARIILRGRFR
2675,GFLSALKKYLPIVLKHV
4029,AGLQFPVGRIGRLLRK
1306,FLGGLIKKWPWWPWRR
2237,RWRWRWFRWRWRWF
3302,GRADYNFGYGLGRGTRKFFNGIGRWVRKTF
2038,KWKSFLKTFKSAAKTVLHTALKAISS
1529,INWKGIALMAKKLL
1663,WIKRLNSWLRK
4443,AKKKLSRWWLRWWVK
4461,WIQPKTKVIPWWWWW
3627,RCYNGCCRRGYYGGCRCCAHPDEIPDPEYRAEPAYGHP
2693,RFRRLFRIRVRVLKKI
3060,RWRRPIRRRPIRPPFYW
1597,SLWETIKNAGKGFIQNILDKIR
2729,RKKRRQRRRLNLKALLAVAKKIL
2625,GIGAVAKVLTTGAPALISWIKRKRQQ
3157,VSIEWRKK
3314,FFGSLLKLLPKLL
1722,FVKKFWGGVKAIFKGARKGLK
1059,GFIFHIIKGLFHAGKMIHGLV
3242,LAHQKPFIRKSYKCLHKRCR
1678,VDKPPYLPVPRPPRRIYNR
1757,VDKPKYLPRPRPPRRIYNR
4191,DVYKGGGGGRYGGGRYGGGGGYGGGLGGGGLGGGGLGGGKGLGGGGLGGGGLGGGGLGGGGLGGGKGLGGGGLGGGGLGGGGLGGGGLGGGKGLGGGGLGGGGLGGGRGGYGGGGYGGGYGGGYGGGKYK
563,RWRRFWRR
2790,PKLLKFLKWIG
863,VQETQKLAKTVGANLEETNKKLAPQIKSAYDDFVKQAQEVQKKLHEAASKQ
1484,KWKKLLKKLLKLL
206,IKIPAFVKDTLKKVAKGVISAVAGALTQ
870,GILSSLLKKLKKWIAK
502,FFPWVKKLLGGLF
1028,FFPIFKKLLRGLF
3840,FKLGSFLKKAWKSKLAKKLRAKGKEMLKDYAKGLLEGGSEEVPGQ
2690,LRRLWKRLVRIIKRIYRQLKRPVR
1570,LRKLWKRLAKIIKRLYRYLRRPVR
2773,SIGRRGGYCAGIIKQTCTCYR
2731,VRRFPFFFPFLRR
804,KKKVVFKVKFKK
3645,RVKRVWYLVIRTVIAGYNLPRAIKKK
2454,WFWKLLWKALRLWWKVL
3104,WKRIVRRIKRWLR
200,LKLLKKLLKKLLKLL
3099,KLLKLLKLLKLLKLWK
2278,VKKLAKLVRRF
3561,GLASFLGKALKAGLKIGSHLLGGAPQQ
391,MTESLVLSPAPAKPKRVKASRRSASHPTYSEMIAAAIRAEKSRGGSSRQSIQKYIKSHYKVGHNADLQIKLSIRRLLAAGVLKQTKGVGASGSFRLAKSDKAKRSPGKKKKAVRRSTSPKKAARPRKARSPAKKPKATARKARKKSRASPKKAKKPKTVKAKSRKASKAKKVKRSKPRAKSGARKSPKKK
1495,IGGIISFFKRLF
2695,RWRRPIRRRPIRPPWYP
2027,FFPIVGKLLFGLSGLL
2568,VDKKHYLPRKRPPRRIYNR
64,RKWHFW
3884,SWKSFLKTFSSAKSTVLHTALKAISS
2062,FLRFIGSVKHGKGHLVHHIGVAL
492,LNLKKILGKIGVMLSHLN
379,LFPMVKKLLSGLF
3993,VDKRHYLPRPRPPRRIYNR
1076,IAGLAANFLPQILCKIARK
878,KKLFKKILKYLAGPAKFLHSAKAGPAKDWEHLKDWEHLKDWEHLKDEL
337,GWLDVAKKIGKAAFNVAKNFL
1016,YSKSLPLSVLNP
1275,GNNKPVYKPQPRPPRPRL
3798,AHCLAIGRR
3342,FLSLLPHIASGIASLVSKF
995,CPAIQRCC
1981,KKRLKKIFKKPMVIGVTIPF
4297,ILKWKWKWWPWRR
161,FLGMLLHGVGHAIHGLIHGKQNVE
1500,GLNALKKVFQPIHEAIKKINNHVQ
3843,TFFRLFNRSFTGRRRRSVQWCA
2613,KKLAKLALLKWLLALKLLALKALKK
3461,ARKKHRCRVYNNGLPTGLYRWC
1021,WYQLIRTFGNLIHQKYRKLLEAYRKLRD
3073,KRIRPRPPRLPRPRPR
3943,LRRLRRRLRRLRRRLRRLRRRWRRRLRRLRRRLRRLRRRLRRL
1585,GWLKKIGKKIERVGQHTRDATIQGLGIAQQAANVAATARG
1955,NPFKKLERVGQHIRDGIIKAGPAVEVIGQANSIARPAGK
3152,FKKFWKWFRRFGGGRWRWRWF
34,GLLKRIKWLL
4014,IHHIHHHIHHIHHHIHHIHHH
775,GGARSLGRKALRAWKKYGPIIVPIIRI
2556,GVWDWLKKTAKNVWNSDIVKQLKGKAINAAKNYVAEKIGATPS
1478,FLPLLASLFSRLF
1363,KIAKIAGKIAKIAGKIAKIAGKIA
2612,FLGLLFHGVHHVGKWIHGLIHGHH
2824,ALWKNMLKGI
2041,RICSRGKNCVSRPGVGSIIGRPGGGSLIGRPGGGSV
241,KRKLILKRILIKRK
2061,YSWPRMPRIPRLPRYPRYPRYPRWPRHPTIYA
2363,FFHHIFRPIVHVGKTIHRLVTG
600,FLPKTLRKFFARIRGGRAAVLNALGKEEQIGRASNSGRKCARKKK
2435,GRLKKLGKKIEGAGKRVFKAAEKALPVVAGVKALG
2888,HRRQGPIFDTRPSPFNPNQPRPGPIY
646,KRMGIFHLFWAGLRKLGNLIKNKIQQGIENFLG
3890,RLCRIVPVIRVCR
3556,LLGMIPVAIKAISALSKL
3202,LRVRLASHLRKLRKRLL
1528,KGLRKLGRKILRAWKKGGPIIVPIIRI
1267,KWKSFLKTFKSAVKTVLHTALKAISS
1899,AKLWLKAAKLWLKAAKLWLKA
3005,ALWKTLLKKVLKAA
2734,GKVWDWIKSTAKKLWNSEPVKELKNTALNAAKNLVAEKIGATPS
189,RWKVFKKIEKVGRNVRDGIIKAGPAIGVLGQAKALG
1806,FLGFLFKVASK
975,KKIWQRIKNFFQKL
2747,DNTDSVVKIQSWFRMATARKSYL
2047,MKLVKTWLKVLK
2558,LNLKGIFKKVASLLT
1082,GRPNPVNNKPTSHPRPIRV
474,GLLSALKALGKLL
2904,KIRFTRTVSRLLKAALAST
4117,KKWRKWLKWLAKK
3385,GGLRSLGRKALRAWKKYGPIIVPIIRI
1184,GANAAKKFATIAKKFINYLW
2433,PRLKVYLPRYKVYSTAAGRYQLLSRYWDAYR
2391,KILRGVCKKIMRPFLRRISKDILTGKK
769,HLNKRVQRLLIGWLDWLK
1685,FLGVVFKLASKVFGKVFGKV
130,FDLLGLVKSVVSAL
2919,YVPKIPKPQPNKPNFPSFPGHGPFNPHASRFPRSPKDNGKIVFDAKKEGGKTQWNVETQQKVWGNKHGSIHVSAGAGKQPGGKPQGQVGIGGSFSWGK
3171,SMATPHVAGAAALILSKHPTWTNAQVRDRLESTATYLGNSFYYGK
3444,GIGTKFLGGVKTALKGALKELAFTYVN
4426,ILPWKWPWWPLRR
466,FLPKTLRKFF
3092,GLFDIIKKIAESI
3772,GLLSLLSALGKLL
860,HHHHRFGKIGHELHKGVKKVEKVTHDVNKVTSGVKKVASSIEKAKNV
